team,1_ago_ss,ss_mean_5,cover_streak,fade_streak,period,home,is_b2b,spread,elo_diff,opponent_elo,style_edge
0,-12.5,-8.375,0.0,2.0,20,True,0.0,,-10.535287876434495,1466.1075572022762,-1259.7800640564772
1,-6.0,-1.3,0.0,1.0,20,False,1.0,-8.5,101.68758619932555,1466.1075572022762,205.945850458507
2,12.5,0.875,1.0,0.0,20,False,1.0,,-5.739786603158791,1462.6020903499427,312.896017484953
3,,1.0,0.0,0.0,20,True,1.0,7.5,-72.85477541148498,1519.027246644092,-1000.1060811172556
4,12.5,-7.375,1.0,0.0,20,True,1.0,-4.5,10.535287876434495,1455.5722693258417,-1456.671288862071
5,14.0,1.3,1.0,0.0,20,True,0.0,,160.42998694933203,1434.8003020225142,725.9566401203908
6,,1.0,0.0,0.0,20,True,0.0,,105.07381115346811,1455.5722693258417,1908.4533084846532
7,,-7.833333333333333,0.0,0.0,20,False,0.0,4.0,90.34389819409171,1443.2467196677637,-694.9174344654111
8,,12.0,0.0,0.0,20,True,0.0,9.5,-47.45294870695352,1539.7323759123467,321.4583544496594
9,-16.0,-7.625,0.0,2.0,20,True,0.0,-3.0,98.59178684269841,1456.862303746784,-774.4001493744789
10,18.5,19.25,2.0,0.0,20,True,1.0,4.0,62.18291691114496,1500.7368684564797,1908.4533084846532
11,8.0,-2.125,2.0,0.0,20,True,0.0,-12.0,44.156422881535036,1434.8003020225142,-76.08639689276285
12,29.5,17.5,2.0,0.0,20,False,0.0,1.0,120.60533851010723,1441.9757581386027,-784.3787108287697
13,,-3.0,0.0,0.0,20,False,0.0,-3.5,-40.600608174749595,1533.5906178618554,-531.5510014548893
14,29.0,13.25,2.0,0.0,20,True,0.0,-5.0,46.17757345102541,1500.7368684564797,1387.3699135245288
15,,14.5,0.0,0.0,20,False,1.0,-2.0,50.1348292612106,1468.8924173828814,289.0949597421561
16,-1.0,0.875,0.0,2.0,20,True,0.0,2.0,-3.0443053760591283,1519.027246644092,1908.4533084846532
17,,3.25,0.0,0.0,20,True,1.0,-4.0,-63.98943852941875,1562.9197853676246,-0.7458971384018618
18,4.0,-7.6,2.0,0.0,20,True,0.0,,-44.156422881535036,1478.9567249040492,352.4003653296991
19,-19.5,1.1666666666666667,0.0,1.0,20,False,1.0,,-25.759865733303286,1560.6460804793098,1000.1060811172556
20,9.0,1.0,1.0,0.0,20,False,0.0,,122.50096561561509,1462.6020903499427,774.4001493744789
21,7.5,7.5,1.0,0.0,20,False,0.0,-9.5,47.45294870695352,1492.2794272053932,1401.4392652204342
22,-14.5,-12.833333333333334,0.0,1.0,20,False,0.0,-1.0,-120.94402722902191,1562.9197853676246,-820.6318931445675
23,-5.5,-1.1666666666666667,0.0,1.0,20,True,0.0,3.5,26.862303078721425,1456.862303746784,-524.9511341207892
24,-15.5,6.333333333333333,0.0,1.0,20,False,0.0,13.0,-46.17757345102541,1546.914441907505,76.08639689276285
25,,-5.666666666666667,0.0,0.0,20,True,1.0,,5.739786603158791,1456.862303746784,-471.6432306850742
26,,10.5,0.0,0.0,20,True,1.0,-2.5,91.74354179764418,1443.2467196677637,892.3971405201225
27,,14.666666666666666,0.0,0.0,20,False,0.0,,-23.3870098225118,1492.2794272053932,-352.4003653296991
28,,9.0,0.0,0.0,20,True,1.0,2.5,-91.74354179764418,1534.990261465408,-1908.4533084846532
29,5.0,-1.5,1.0,0.0,20,False,0.0,4.5,-142.7969419710514,1515.9829412680328,-1908.4533084846532
0,,-13.5,0.0,0.0,21,False,0.0,12.5,-41.44245062745176,1522.3194455090636,-1417.6368535174054
1,-12.5,-2.5,0.0,2.0,21,True,0.0,,-10.304359980962545,1543.3023394484517,541.3173866851755
2,,-1.8333333333333333,0.0,0.0,21,False,0.0,,-31.17694262404416,1524.2275535544773,83.32745478950059
3,6.5,2.375,1.0,0.0,21,True,1.0,3.5,-38.835374514117575,1516.383760512874,-326.066424764054
4,-15.5,-9.25,0.0,1.0,21,False,0.0,11.0,-45.093952909729296,1529.1523371641215,2007.6310421939147
5,,2.125,0.0,0.0,21,True,0.0,-12.5,62.53650353399462,1480.765835914457,1417.6368535174054
6,,1.0,0.0,0.0,21,False,0.0,4.0,5.935684996189593,1516.383760512874,1105.5587108342743
7,0.0,-9.0,0.0,0.0,21,True,0.0,-7.5,-9.202319541824181,1523.9864261085902,-465.1743320337003
8,11.5,14.5,1.0,0.0,21,False,0.0,,19.824293667761822,1480.765835914457,-1787.9456631943754
9,-7.0,-6.5,0.0,3.0,21,False,0.0,-1.0,-18.562361563300556,1542.7899151177778,140.48343079232853
10,-2.0,14.5,0.0,1.0,21,False,0.0,3.5,30.795226953175415,1494.610630947664,419.2772408915039
11,-5.0,0.0,0.0,1.0,21,True,0.0,-11.5,1.9011558792878986,1494.610630947664,132.9003055506567
12,-31.0,6.0,0.0,1.0,21,False,0.0,-10.5,-9.011553358898936,1532.9979794674891,2007.6310421939147
13,-30.5,-11.375,0.0,1.0,21,False,1.0,-2.5,12.9441257399817,1487.3377739434418,-844.8964264584386
14,15.0,11.125,3.0,0.0,21,True,1.0,,28.562207581902612,1500.5901295822189,2007.6310421939147
15,-5.0,2.25,0.0,1.0,21,False,0.0,-3.5,23.108149699495698,1480.765835914457,-541.3173866851755
16,12.0,5.25,1.0,0.0,21,False,0.0,2.0,55.26565657574156,1448.6806371182317,557.7250025985278
17,-15.0,-6.75,0.0,1.0,21,True,0.0,-3.5,16.22645382615974,1486.0984270745835,-62.2096444892498
18,,-10.375,0.0,0.0,21,False,1.0,,-16.366527713000096,1480.765835914457,-2007.6310421939147
19,,-6.75,0.0,0.0,21,True,0.0,-4.0,38.835374514117575,1477.5483859987564,1231.5103199272162
20,,-1.6666666666666667,0.0,0.0,21,False,0.0,1.0,18.562361563300556,1524.2275535544773,1483.9061703155064
21,1.5,4.0,2.0,0.0,21,True,0.0,-11.0,45.16187262328731,1477.5483859987564,1121.9386691260863
22,14.0,-1.3333333333333333,1.0,0.0,21,False,0.0,,-32.24191614705751,1500.5901295822189,-120.51350045194704
23,11.5,1.3333333333333333,1.0,0.0,21,True,0.0,-2.5,-36.889779611035465,1524.2275535544773,-397.0790571882286
24,6.0,3.5,1.0,0.0,21,True,0.0,11.5,-1.9011558792878986,1496.511786826952,-973.0484179893149
25,,-6.0,0.0,0.0,21,False,0.0,3.5,-56.69148804319434,1542.7899151177778,-0.8056352274814671
26,-20.5,9.125,0.0,1.0,21,False,0.0,2.5,9.149579338579542,1500.2818996834235,283.4202527878176
27,,24.75,0.0,0.0,21,False,0.0,,16.366527713000096,1464.399308201457,-89.3326750027842
28,-16.5,2.625,0.0,1.0,21,True,0.0,7.5,-51.61213376297928,1514.784106566766,-1105.5587108342743
29,-26.5,-8.0,0.0,1.0,21,True,0.0,10.5,-94.62170233021993,1543.3023394484517,-2007.6310421939147
0,23.5,-1.1666666666666667,1.0,0.0,22,True,1.0,9.5,-156.24995454989335,1611.1391283313733,-1102.4117227715112
1,,-2.0,0.0,0.0,22,True,0.0,,85.71298157047909,1508.0976229541563,1394.1292703574625
2,,-2.75,0.0,0.0,22,True,0.0,9.0,-1.2276634342106263,1485.4263665505837,-379.1319414404694
3,0.5,1.0,2.0,0.0,22,True,0.0,4.0,-8.778233355157909,1454.88917378148,97.94802235472051
4,30.0,4.75,1.0,0.0,22,False,1.0,9.5,94.43852232219456,1369.0673028802773,-1503.869767657142
5,-23.5,-5.75,0.0,1.0,22,False,1.0,-9.5,156.24995454989335,1454.88917378148,1102.4117227715112
6,16.0,-4.0,1.0,0.0,22,False,1.0,4.5,152.63373406643723,1430.591951301782,2086.28122800632
7,-3.5,-8.166666666666666,0.0,1.0,22,False,0.0,-10.5,35.741182322867644,1523.8135759866109,-1068.8543321935695
8,,11.5,0.0,0.0,22,False,0.0,8.0,-103.42973726872242,1576.6065905634553,-70.8529106743833
9,-9.0,-12.625,0.0,4.0,22,False,0.0,4.5,38.387209436027206,1485.4263665505837,106.59728553276909
10,9.5,9.125,1.0,0.0,22,False,1.0,-6.0,63.1553923293709,1483.145839944268,1216.8931413412756
11,-35.5,-3.5,0.0,2.0,22,False,1.0,-9.5,13.676803653860134,1473.1768532947328,-616.7462089788876
12,14.5,7.625,1.0,0.0,22,False,0.0,-10.0,179.42029515965964,1369.0673028802773,143.81540422119542
13,15.5,-7.125,1.0,0.0,22,True,0.0,-1.5,-18.71964298166563,1516.695271026269,-1297.746574200456
14,,16.333333333333332,0.0,0.0,22,True,0.0,-8.0,161.24254941692652,1415.3640411465287,616.7462089788876
15,-22.5,-13.75,0.0,2.0,22,True,0.0,-4.0,-85.71298157047909,1593.8106045246354,582.6620109958511
16,23.0,8.0,2.0,0.0,22,True,1.0,,38.80696026466967,1473.1768532947328,408.56401694649134
17,-2.5,-8.75,0.0,2.0,22,True,0.0,-3.5,-65.34175809566909,1548.487598039937,-95.7522522930067
18,,-2.3333333333333335,0.0,0.0,22,False,0.0,-3.0,-161.24254941692652,1576.6065905634553,-2086.28122800632
19,29.0,4.75,1.0,0.0,22,True,0.0,-4.5,96.94256871056837,1415.3640411465287,830.1441053554954
20,9.0,4.666666666666667,1.0,0.0,22,False,0.0,-4.5,102.7693853981757,1497.9756280446034,481.9027916254511
21,3.0,2.875,3.0,0.0,22,False,0.0,-9.5,85.55076335849526,1463.505825202472,379.1319414404694
22,,-0.25,0.0,0.0,22,True,1.0,6.0,18.32294789074217,1446.110940426322,-2086.28122800632
23,8.5,4.833333333333333,2.0,0.0,22,False,0.0,-9.0,-31.268904475685304,1516.695271026269,-165.86898102927785
24,20.5,7.75,2.0,0.0,22,True,0.0,9.5,28.472030877708676,1446.9601328727215,-2086.28122800632
25,14.5,3.5,1.0,0.0,22,False,0.0,3.5,-36.1857070715464,1483.145839944268,538.5867511120155
26,4.5,6.25,1.0,0.0,22,False,0.0,1.5,69.7351381535475,1446.9601328727215,221.5459609286382
27,,22.0,0.0,0.0,22,True,1.0,3.0,-19.94470836476603,1508.0976229541563,-89.12162200376693
28,-4.5,0.875,0.0,2.0,22,True,1.0,10.5,-152.63373406643723,1583.2256853682193,-2086.28122800632
29,-25.5,-15.666666666666666,0.0,2.0,22,True,0.0,10.0,-214.15838248794194,1583.2256853682193,-1434.893656924319
0,25.5,5.5,2.0,0.0,23,False,1.0,,-98.42304095945951,1566.310565733139,237.93503314625093
1,,2.3333333333333335,0.0,0.0,23,True,0.0,-11.5,90.39967676568426,1480.328736768089,2045.9606167626503
2,-14.0,-6.5,0.0,1.0,23,True,1.0,7.5,-45.26919016978195,1541.7635230157882,-767.0498438342429
3,-2.0,-0.75,0.0,1.0,23,False,0.0,,-8.008888106402082,1465.3229040762199,-1393.3750007207288
4,-4.5,2.9,0.0,1.0,23,True,0.0,11.5,-73.25238035712277,1541.7635230157882,-1773.3836344561596
5,-25.5,-12.875,0.0,2.0,23,True,0.0,,98.42304095945951,1467.8875247736794,-815.0560722993555
6,10.5,2.8333333333333335,2.0,0.0,23,True,0.0,,65.50039462150585,1490.0205937894568,1157.7656986919123
7,-22.5,-11.75,0.0,2.0,23,False,0.0,,-30.48980381565616,1566.310565733139,56.70406713488214
8,32.0,21.75,1.0,0.0,23,True,1.0,5.0,-3.292851502595795,1483.6215882706847,975.9485388375952
9,0.5,-10.0,1.0,0.0,23,True,0.0,,-12.872044778034251,1535.8207619174827,-428.0620351861692
10,1.0,7.5,2.0,0.0,23,True,0.0,,71.91840599295597,1465.3229040762199,-151.54207615794144
11,-24.5,-7.7,0.0,3.0,23,False,0.0,-5.0,-70.81455386451285,1554.4361421351975,-167.34463069854598
12,-11.0,3.9,0.0,1.0,23,True,0.0,6.0,40.88543708546581,1488.4974667371018,1004.3353557422931
13,-9.5,-9.125,0.0,1.0,23,False,0.0,3.0,-72.61367223088178,1575.2784660770762,2134.608369564783
14,7.0,14.0,1.0,0.0,23,False,0.0,,70.81455386451285,1483.6215882706847,-1157.7656986919123
15,37.0,3.1666666666666665,1.0,0.0,23,True,0.0,-8.0,5.9047875631542865,1502.6647938461945,-1286.1138074324194
16,,8.0,0.0,0.0,23,False,0.0,,49.28006717109611,1467.8875247736794,-2045.9606167626503
17,25.5,2.6666666666666665,1.0,0.0,23,False,0.0,-6.0,-14.16732710909264,1502.6647938461945,-158.4368348665338
18,-36.0,-7.5,0.0,1.0,23,False,0.0,,-98.36191086282429,1525.624411278852,-1590.7971693877676
19,10.5,6.666666666666667,2.0,0.0,23,True,0.0,,-16.13911173693623,1541.7635230157882,1393.3750007207288
20,-7.5,1.625,0.0,1.0,23,True,0.0,-3.0,38.03715600790042,1537.2413100691758,581.9520243737775
21,13.5,5.0,4.0,0.0,23,False,1.0,-7.5,45.26919016978195,1496.4943328460063,767.0498438342429
22,2.0,0.5,1.0,0.0,23,True,0.0,,-76.44061893956837,1541.7635230157882,-2134.608369564783
23,-11.0,0.875,0.0,1.0,23,False,0.0,,66.1826267060469,1427.2625004160277,-814.2741706004358
24,3.5,6.9,3.0,0.0,23,False,0.0,7.5,-65.50039462150585,1555.5209884109627,-1967.704434205284
25,-5.5,4.5,0.0,1.0,23,True,0.0,-7.5,-20.915576173126738,1490.0205937894568,-167.91642689815103
26,-9.5,-1.375,0.0,1.0,23,True,0.0,,15.533106703611793,1493.4451271220746,281.09751756955905
27,6.0,6.0,1.0,0.0,23,True,0.0,8.0,-30.868165190111313,1508.5695814093488,167.34463069854598
28,9.5,3.625,1.0,0.0,23,False,0.0,,-64.53980602996216,1502.6647938461945,-581.9520243737775
29,19.0,-7.0,1.0,0.0,23,True,1.0,,-134.4328738290069,1535.8207619174827,-2134.608369564783
0,,12.166666666666666,0.0,0.0,24,True,0.0,-9.0,32.71957482142193,1443.5281141300632,1368.489101949171
1,-5.5,-8.0,0.0,1.0,24,True,1.0,-9.5,82.02790085660058,1507.6007631431041,1701.4601423320776
2,-0.5,-0.6666666666666666,0.0,2.0,24,False,0.0,8.0,-64.08848028978514,1547.5589748425634,-321.83451877949284
3,,1.6666666666666667,0.0,0.0,24,True,1.0,5.0,-97.50453117536972,1541.0326453054329,-958.8679742745387
4,2.5,5.0,1.0,0.0,24,True,0.0,-8.0,-132.33224711801745,1589.6286639997047,321.83451877949284
5,,-11.666666666666666,0.0,0.0,24,True,0.0,-15.5,-3.343497500478861,1589.6286639997047,2248.2526842410452
6,,13.25,0.0,0.0,24,False,0.0,-3.5,3.108304481575942,1571.3158453586905,2248.2526842410452
7,,-8.666666666666666,0.0,0.0,24,False,0.0,-3.5,55.24011872420988,1476.247688951485,1324.54593659661
8,-10.0,11.166666666666666,0.0,1.0,24,True,0.0,3.5,17.364464824283687,1467.551204628556,-905.4053185841781
9,,-7.875,0.0,0.0,24,True,1.0,3.5,-31.12063652930101,1549.6090108952767,77.24187882991407
10,,6.75,0.0,0.0,24,False,0.0,-2.0,-35.936741603294195,1585.545752498571,652.1185283207035
11,-16.0,-14.6,0.0,4.0,24,False,1.0,-2.0,-13.090060019903149,1482.0595727161788,1.1683515523669499
12,10.0,2.4,1.0,0.0,24,True,0.0,-8.5,0.9420191240267286,1531.487807675695,2099.7919401206887
13,4.0,-5.125,1.0,0.0,24,False,1.0,7.5,61.67480494156848,1434.9640250049538,-392.6776256692932
14,,17.0,0.0,0.0,24,True,0.0,3.5,-3.108304481575942,1574.4241498402664,955.6985891104245
15,1.0,2.625,2.0,0.0,24,True,0.0,9.5,-78.68751891440206,1586.2851664992259,0.09145295875708825
16,,11.333333333333334,0.0,0.0,24,False,1.0,-3.5,-82.02790085660058,1589.6286639997047,209.94837013070747
17,22.0,7.5,2.0,0.0,24,False,0.0,-7.5,-33.96899389216355,1532.4298267997217,-77.24187882991407
18,,-16.0,0.0,0.0,24,True,0.0,9.0,-58.502255477754716,1476.247688951485,153.89720980405647
19,,6.666666666666667,0.0,0.0,24,True,0.0,-5.5,97.50453117536972,1443.5281141300632,2248.2526842410452
20,24.0,8.625,1.0,0.0,24,False,0.0,-14.5,150.5817274936171,1434.9640250049538,1077.0089893184352
21,0.5,5.2,5.0,0.0,24,False,0.0,5.5,64.08848028978514,1483.4704945527783,-2103.70454549258
22,,0.5,0.0,0.0,24,False,1.0,-5.0,-80.00777021400745,1547.5589748425634,-1240.1466963065536
23,,0.875,0.0,0.0,24,False,0.0,-7.5,-41.99680723507913,1547.5589748425634,-0.09145295875708825
24,-14.5,0.0,0.0,1.0,24,True,0.0,8.5,-41.54830568959869,1532.4298267997217,2248.2526842410452
25,-9.5,-0.16666666666666666,0.0,2.0,24,True,0.0,2.0,-48.23470324417872,1501.9768072380095,-652.1185283207035
26,,-8.5,0.0,0.0,24,True,1.0,7.5,44.68039035632228,1457.2964168816873,172.10042102123376
27,19.0,12.5,2.0,0.0,24,True,0.0,2.0,13.090060019903149,1468.9695126962756,-1077.0089893184352
28,,-3.8333333333333335,0.0,0.0,24,False,0.0,14.5,-150.5817274936171,1585.545752498571,-2248.2526842410452
29,,-7.0,0.0,0.0,24,False,0.0,15.5,-176.83793747600248,1571.3158453586905,-2248.2526842410452
0,3.0,17.333333333333332,1.0,0.0,25,False,0.0,4.0,68.73295010851234,1412.6300861583516,-434.5136326694934
1,-15.5,-11.166666666666666,0.0,2.0,25,True,0.0,-12.0,8.58884419689548,1577.6276953857532,1245.7938670553958
2,-18.0,-10.833333333333334,0.0,3.0,25,True,0.0,2.5,10.138803379514684,1471.4567380335277,-157.3313363155019
3,-9.0,-1.0,0.0,1.0,25,False,1.0,15.5,-139.79401022784987,1573.9491906734174,-61.76044468836963
4,18.0,6.1,2.0,0.0,25,False,0.0,,-10.138803379514684,1481.5955414130424,-131.2544055485874
5,15.5,-11.166666666666666,1.0,0.0,25,True,0.0,-4.0,185.7831328177922,1388.1660578556252,1260.156184575738
6,32.5,19.666666666666668,1.0,0.0,25,False,0.0,-11.0,190.00675355619433,1388.1660578556252,2326.845510378716
7,-12.5,-9.625,0.0,1.0,25,True,0.0,4.0,140.20565111500014,1388.1660578556252,-910.1234255835382
8,-17.5,4.0,0.0,2.0,25,False,1.0,12.0,-35.80069557401089,1508.427056257526,-1245.7938670553958
9,-13.5,-7.25,0.0,1.0,25,True,0.0,,6.998047662199724,1518.3713409258235,-1014.0802993117743
10,-11.0,-0.625,0.0,1.0,25,False,0.0,,99.01948713966817,1455.4551626622874,-111.60970500815932
11,-11.0,-18.4,0.0,5.0,25,False,0.0,-2.5,-20.147970515882662,1481.5955414130424,-424.2813092701507
12,13.5,-0.8,2.0,0.0,25,True,1.0,3.5,65.84022196159731,1478.7355629741237,-281.9209055602662
13,-21.5,-8.4,0.0,1.0,25,False,0.0,3.5,-25.14895895160521,1518.3713409258235,-2190.6906347360796
14,8.5,10.166666666666666,1.0,0.0,25,False,0.0,-4.5,122.17253272346579,1455.4551626622874,-1554.9846750205866
15,19.5,6.0,3.0,0.0,25,True,0.0,-3.5,15.447836099023789,1504.4857873116084,885.8198922871507
16,1.5,12.166666666666666,1.0,0.0,25,False,0.0,-4.0,26.831514844483536,1481.5955414130424,-2326.845510378716
17,9.5,7.9,3.0,0.0,25,False,0.0,-3.5,-6.998047662199724,1525.3693885880232,1014.0802993117743
18,11.0,-12.5,1.0,0.0,25,True,0.0,,-91.85570115325686,1504.4857873116084,-2326.845510378716
19,-14.5,8.333333333333334,0.0,1.0,25,False,0.0,-15.5,77.77921830641344,1472.626360683515,942.829740186141
20,22.5,12.0,2.0,0.0,25,False,0.0,-9.5,103.35939421563671,1489.5815145152947,2326.845510378716
21,-9.5,1.8,0.0,1.0,25,False,1.0,-5.5,-1.7702238514891633,1550.4055789899285,2326.845510378716
22,3.0,6.333333333333333,1.0,0.0,25,True,0.0,5.5,7.778033925885666,1471.4567380335277,-152.87631677035392
23,-17.5,-2.125,0.0,1.0,25,False,0.0,,-15.447836099023789,1519.9336234106322,707.5865989914744
24,-33.5,-3.6,0.0,2.0,25,False,0.0,,51.16669420153039,1427.5688687725933,-732.3602104013189
25,11.0,2.625,1.0,0.0,25,False,0.0,4.5,-99.01948713966817,1554.4746498019556,-713.4200248337377
26,-19.5,-11.25,0.0,1.0,25,True,0.0,,32.361323423881686,1455.4551626622874,1062.3500494666873
27,-35.0,-3.3333333333333335,0.0,1.0,25,True,0.0,9.5,-103.35939421563671,1592.9409087309314,-2326.845510378716
28,56.5,11.25,1.0,0.0,25,False,0.0,,-51.16669420153039,1478.7355629741237,-401.3726602131326
29,5.5,-6.875,1.0,0.0,25,True,1.0,11.0,-185.7831328177922,1573.9491906734174,-2326.845510378716
0,19.0,17.75,2.0,0.0,26,True,0.0,-5.5,-23.86619752978868,1508.972730660765,-452.3791723464352
1,12.0,-3.0,1.0,0.0,26,False,0.0,-8.5,76.31819306937064,1489.9044281793078,2400.2409964924536
2,11.5,-5.25,1.0,0.0,26,True,0.0,,14.975831738451689,1469.8037165644037,-642.8944832386437
3,19.5,2.25,1.0,0.0,26,False,0.0,11.0,-24.13826887786513,1469.8037165644037,-816.7390796168124
4,,11.5,0.0,0.0,26,True,1.0,3.5,-10.961705217229792,1480.7962159380907,316.0602471510229
5,8.0,-6.375,2.0,0.0,26,False,1.0,-11.0,55.608129065489265,1513.3806784158814,1259.3074591796205
6,-4.0,13.75,0.0,1.0,26,False,0.0,,88.34478617778063,1476.8883423465702,-210.6073586227725
7,26.0,-3.125,1.0,0.0,26,False,0.0,,-29.77517502306455,1543.155853438946,401.4944787171592
8,2.0,1.625,1.0,0.0,26,False,0.0,11.5,-76.31819306937064,1566.2226212486785,-2400.2409964924536
9,,-7.333333333333333,0.0,0.0,26,True,0.0,1.0,-8.504757594193734,1525.2310109264718,210.6073586227725
10,,-0.16666666666666666,0.0,0.0,26,False,0.0,,18.714469833416388,1516.726253332278,1636.1778390648494
11,6.5,-16.1,1.0,0.0,26,True,1.0,-3.5,-0.030794156457204735,1469.8345107208609,78.00678723482507
12,-24.5,0.5,0.0,1.0,26,True,0.0,,17.924842512474243,1525.2310109264718,-1636.1778390648494
13,-37.5,-9.8,0.0,2.0,26,False,0.0,5.5,-30.840398524553166,1517.686945640997,452.3791723464352
14,1.5,5.666666666666667,2.0,0.0,26,False,1.0,,-4.02516307237056,1566.2226212486785,2400.2409964924536
15,6.5,8.3,4.0,0.0,26,False,0.0,-4.5,40.79860329442681,1476.8883423465702,597.8525472358288
16,-27.0,-0.8333333333333334,0.0,1.0,26,True,1.0,8.5,-60.016076820605804,1568.9888074813707,2400.2409964924536
17,-11.5,8.6,0.0,1.0,26,True,0.0,-1.0,8.504757594193734,1516.726253332278,774.0717067026828
18,,-12.5,0.0,0.0,26,False,1.0,7.0,-155.31306808299655,1587.0054612327026,-1056.277009056609
19,-10.5,3.625,0.0,2.0,26,False,0.0,-11.5,71.32255086780401,1476.8883423465702,2400.2409964924536
20,0.5,9.7,3.0,0.0,26,False,0.0,-7.0,155.31306808299655,1431.692393149706,2400.2409964924536
21,-1.5,1.2,0.0,2.0,26,False,0.0,-3.5,55.445562023319326,1478.3410072400861,2400.2409964924536
22,-8.5,-1.1666666666666667,0.0,1.0,26,False,0.0,3.5,8.53729067568247,1469.8037165644037,-98.84899129947637
23,,-6.666666666666667,0.0,0.0,26,True,0.0,4.5,43.36204443928136,1451.3185051135094,316.21753954651206
24,,-6.0,0.0,0.0,26,True,0.0,-2.5,-18.07209357820784,1486.8465471164438,-267.546299959303
25,-0.5,2.0,0.0,1.0,26,False,1.0,-6.5,-83.42488354744,1562.197458176308,-54.21392656280946
26,,-8.166666666666666,0.0,0.0,26,False,0.0,6.5,49.103822788384605,1431.692393149706,267.546299959303
27,2.5,-1.875,1.0,0.0,26,True,0.0,,-88.34478617778063,1565.2331285243508,-1384.0695094413516
28,,20.5,0.0,0.0,26,True,0.0,2.5,-27.45406951535847,1478.772574628868,-740.0290644802635
29,-3.0,-1.0,0.0,1.0,26,True,0.0,,-149.77109867905597,1566.2226212486785,56.89613842156149
0,-3.5,11.0,0.0,1.0,27,True,1.0,,2.9217131674031407,1490.6760480261228,-926.1702795136681
1,5.5,-0.875,2.0,0.0,27,True,0.0,-7.5,150.70812504253877,1415.983009387881,1891.2861834342104
2,,-5.25,0.0,0.0,27,False,0.0,7.0,-12.638300810597002,1501.3896151759689,-592.7398406613324
3,-3.0,1.375,0.0,1.0,27,True,0.0,11.5,-16.276039210943964,1465.172090798327,-138.5037737553562
4,-5.5,2.625,0.0,1.0,27,True,1.0,,-11.992737243652755,1477.1648280419797,1178.413535182044
5,3.0,0.25,3.0,0.0,27,False,1.0,-3.0,127.67587137878377,1448.896051587383,1349.6314604109712
6,,13.0,0.0,0.0,27,True,0.0,-8.5,44.17193935999603,1520.7452591019057,2138.155820865907
7,,-3.0,0.0,0.0,27,False,0.0,-13.5,32.856207739731644,1491.8939277128277,1038.2926258910802
8,20.5,5.4,2.0,0.0,27,False,0.0,8.0,-64.87502295224294,1547.6139880511569,-1198.1694512590966
9,-9.0,-7.333333333333333,0.0,1.0,27,False,0.0,1.0,-44.17193935999603,1564.9171984619018,-67.56098463621947
10,,-5.0,0.0,0.0,27,True,0.0,-1.0,0.8049094238347152,1530.616807972232,2487.8175819557814
11,-7.5,-10.5,0.0,1.0,27,False,0.0,-11.5,28.26877645459672,1448.896051587383,264.04689264222856
12,,-3.0,0.0,0.0,27,False,0.0,1.0,-0.8049094238347152,1531.4217173960667,677.8410025769437
13,3.5,-12.2,1.0,0.0,27,True,0.0,,-2.9217131674031407,1493.597761193526,1032.60270816042
14,,5.666666666666667,0.0,0.0,27,True,0.0,7.5,145.0870086197035,1415.983009387881,592.7398406613324
15,-5.5,11.7,0.0,1.0,27,True,0.0,3.0,38.22192783995729,1482.738965098914,-751.2936631363737
16,19.5,-2.0,1.0,0.0,27,False,0.0,-7.0,85.40660578808775,1415.983009387881,-6.645956848382298
17,9.0,10.9,1.0,0.0,27,False,0.0,-1.0,47.094008367063,1490.6760480261228,165.5639453005316
18,2.0,-7.666666666666667,1.0,0.0,27,True,0.0,8.0,-49.89556095980561,1481.1920850238012,-577.2169691096587
19,-2.5,-4.25,0.0,3.0,27,False,0.0,-8.0,14.23854337025773,1533.3754446808991,203.47052006578386
20,-1.0,7.7,0.0,1.0,27,False,1.0,-8.0,52.06298694990505,1533.3754446808991,751.2936631363737
21,-11.5,-1.7,0.0,3.0,27,True,1.0,,62.39554891838907,1470.97989576251,624.1897497809308
22,16.5,3.25,1.0,0.0,27,True,0.0,,22.08384417512707,1448.896051587383,138.5037737553562
23,11.5,-5.666666666666667,1.0,0.0,27,True,0.0,5.5,31.917332160277056,1464.944952628557,18.492144352068063
24,-4.5,-12.25,0.0,1.0,27,False,0.0,,-16.24713239524408,1481.1920850238012,-316.48245265158096
25,20.5,3.2,1.0,0.0,27,True,0.0,,10.701842689026535,1481.1920850238012,500.65582531754967
26,8.5,-6.833333333333333,1.0,0.0,27,True,0.0,,16.24713239524408,1464.944952628557,-165.5639453005316
27,,-1.875,0.0,0.0,27,False,0.0,8.5,-70.12874054136933,1547.6139880511569,-1293.9956135793677
28,-5.5,20.166666666666668,0.0,1.0,27,False,0.0,,-58.66513275928446,1496.8622847888341,-1813.7503711986374
29,,7.166666666666667,0.0,0.0,27,False,0.0,13.5,-32.91304219950189,1448.896051587383,-2487.8175819557814
0,,6.166666666666667,0.0,0.0,28,False,0.0,3.5,-29.438834269068593,1528.5126690583631,42.123265269445824
1,-16.5,-4.0,0.0,1.0,28,False,0.0,-11.5,127.60708930220721,1451.7820655774156,1499.6554094795972
2,-9.0,-4.0,0.0,1.0,28,True,0.0,10.0,-95.81860343416815,1577.734524758762,-541.6298072187124
3,-1.5,1.5,0.0,2.0,28,False,0.0,5.5,-51.480461598686134,1479.887042716689,-855.1063893386244
4,,5.0,0.0,0.0,28,True,0.0,-5.5,-28.104977139273387,1479.887042716689,1003.7131646876387
5,-12.0,3.625,0.0,1.0,28,True,0.0,-17.0,65.72378321942733,1526.2530074203867,2542.338720302275
6,-31.5,-1.0,0.0,1.0,28,True,0.0,,60.10776109153335,1527.5359586942993,828.3347616035098
7,-15.5,-0.6666666666666666,0.0,1.0,28,False,0.0,-6.5,80.12042615753808,1448.392242900825,214.7097189619392
8,-16.0,-4.2,0.0,1.0,28,True,0.0,11.5,-99.36115036329443,1579.3891548796228,-510.0015656842142
9,-50.0,-24.166666666666668,0.0,2.0,28,False,0.0,,-61.74472570066632,1577.734524758762,-749.256934940265
10,19.0,4.0,1.0,0.0,28,False,0.0,4.5,123.52126789921113,1419.1783478367338,2100.0186852392917
11,2.5,-5.1,1.0,0.0,28,True,1.0,6.0,-16.87712056856344,1479.887042716689,545.8173825159806
12,-21.0,-5.5,0.0,1.0,28,True,0.0,6.5,-0.9767103640638197,1528.5126690583631,2369.8632424536045
13,,-12.875,0.0,0.0,28,False,0.0,8.0,31.162471379550652,1448.392242900825,-777.9255676934982
14,23.5,11.166666666666666,1.0,0.0,28,False,0.0,-10.0,95.81860343416815,1481.915921324594,2542.338720302275
15,-4.0,3.5,0.0,2.0,28,False,1.0,-10.0,-76.27426018004076,1602.5272676004274,336.4975221968761
16,14.0,2.0,2.0,0.0,28,True,0.0,-3.5,50.10920373712793,1451.7820655774156,699.4636019625101
17,13.0,8.4,2.0,0.0,28,True,0.0,-8.0,102.77096017918097,1453.6567977060845,-809.8404094129684
18,6.0,6.333333333333333,2.0,0.0,28,False,0.0,7.0,-91.12641978695433,1510.3047676236881,-545.8173825159806
19,18.0,-2.375,1.0,0.0,28,False,0.0,,1.5805035353498624,1556.4277578852655,2542.338720302275
20,-1.0,9.0,0.0,2.0,28,True,0.0,-4.5,76.27426018004076,1526.2530074203867,2542.338720302275
21,,-5.5,0.0,0.0,28,True,0.0,,25.027016403718562,1501.533480047084,-2384.12467532747
22,,3.6666666666666665,0.0,0.0,28,False,1.0,-6.0,51.480461598686134,1428.4065811180028,-1773.489556944888
23,-3.5,-3.1666666666666665,0.0,1.0,28,True,0.0,-4.5,38.523557898958416,1463.0099221481255,-116.02347345345754
24,,-17.5,0.0,0.0,28,True,0.0,3.5,-53.141237146258845,1501.533480047084,-1450.8764228642278
25,,5.375,0.0,0.0,28,False,0.0,-7.0,79.63938316190934,1430.6653844617788,855.3237751832779
26,,-5.5,0.0,0.0,28,True,0.0,-3.5,-102.77096017918097,1556.4277578852655,-42.123265269445824
27,-1.5,-3.75,0.0,1.0,28,True,0.0,10.0,-46.614304656945706,1526.2530074203867,268.29790241854136
28,,25.5,0.0,0.0,28,False,0.0,4.5,-96.87057423252054,1527.5359586942993,-1278.364049095452
29,2.5,1.6666666666666667,1.0,0.0,28,False,0.0,17.0,-87.52117042905843,1501.8912693145435,-2542.338720302275
0,-3.5,3.75,0.0,1.0,29,True,0.0,,17.22616262670749,1466.4603078567873,-1497.4880487891162
1,13.5,-0.2,1.0,0.0,29,False,0.0,,120.71424046304651,1453.322063168817,2533.5861319509168
2,-19.0,-8.625,0.0,2.0,29,False,0.0,,-88.05397778068254,1570.548553435249,-666.6595348593439
3,-3.5,0.5,0.0,3.0,29,False,1.0,3.0,17.542609455368165,1420.2018936919876,-535.61062998778
4,8.5,7.0,1.0,0.0,29,False,0.0,,15.577560021461295,1437.7445031473558,-2.460060438502481
5,-7.0,1.5,0.0,2.0,29,False,0.0,,150.3466597432614,1420.2018936919876,757.9374983236717
6,,-1.0,0.0,0.0,29,True,0.0,-3.0,21.197047780481853,1534.5510223964968,2634.9319909838537
7,-3.5,-1.375,0.0,2.0,29,True,1.0,0.0,100.69733338814876,1433.1370731973348,193.79670482262915
8,12.5,0.3,1.0,0.0,29,True,0.0,4.0,-43.842980801533486,1521.9555524196237,1045.6270696457284
9,,-24.166666666666668,0.0,0.0,29,True,0.0,3.0,-24.962119178385365,1529.8544685021102,725.1678651900359
10,8.5,5.5,2.0,0.0,29,False,0.0,,66.83965521980326,1474.7484789014363,366.31527037608
11,21.0,2.3,2.0,0.0,29,False,0.0,,46.4004237237009,1433.1370731973348,59.89917545080223
12,43.5,2.875,1.0,0.0,29,False,0.0,-9.0,107.36026353210968,1427.1907588643871,-1791.8106711129494
13,-2.0,-14.375,0.0,1.0,29,True,0.0,4.5,-38.56643926131369,1529.8544685021102,-2404.924954586115
14,-16.0,4.375,0.0,1.0,29,True,0.0,-4.5,87.9098807042376,1491.2880292407965,958.9191748581287
15,-17.0,-0.1,0.0,3.0,29,True,0.0,-4.0,-5.763775593785795,1527.7193280134095,216.4043251096017
16,-9.5,-0.3,0.0,1.0,29,False,0.0,,22.609737274607824,1482.4945756545665,443.8598733583686
17,-34.0,-2.8,0.0,1.0,29,True,0.0,-4.5,-28.11959250623113,1557.9740610083413,647.8683977437988
18,-8.0,2.75,0.0,1.0,29,False,0.0,,-46.4004237237009,1479.5374969210357,-2634.9319909838537
19,,-2.375,0.0,0.0,29,True,0.0,,124.83698781100657,1433.1370731973348,1572.077398888604
20,13.5,6.9,1.0,0.0,29,False,0.0,,166.60993970796108,1420.2018936919876,1196.2803330429142
21,,-7.5,0.0,0.0,29,True,0.0,,-30.254732994931828,1557.9740610083413,-2634.9319909838537
22,-33.0,-5.5,0.0,1.0,29,True,0.0,-3.0,-101.14925623749878,1570.548553435249,-557.6441231408478
23,-12.5,-5.5,0.0,2.0,29,False,0.0,-11.5,22.36050279773758,1478.1125716180902,-193.79670482262915
24,5.5,-10.833333333333334,1.0,0.0,29,False,0.0,11.5,-71.32558583496575,1533.8344065854835,-504.3838923960352
25,-5.0,6.5,0.0,1.0,29,True,0.0,0.0,81.09762841428255,1433.1370731973348,-514.2602078187485
26,3.5,-2.5,1.0,0.0,29,True,0.0,4.5,-17.22616262670749,1483.6864704834948,504.3838923960352
27,9.0,-6.25,1.0,0.0,29,True,0.0,,21.42641573261926,1453.322063168817,666.6595348593439
28,11.5,20.833333333333332,1.0,0.0,29,False,0.0,9.0,-50.92181275370308,1478.1125716180902,60.871895572319744
29,-1.0,1.0,0.0,1.0,29,True,0.0,,-166.60993970796108,1586.8118333999487,1697.5421795363438
0,,4.0,0.0,0.0,30,True,0.0,1.5,-108.70415009964313,1583.7743109606668,-491.49435912842625
1,,3.625,0.0,0.0,30,True,1.0,-14.5,70.4166726629885,1524.9584276525452,943.5188286046345
2,,-5.5,0.0,0.0,30,True,0.0,3.0,11.356131554841795,1471.9544077347941,-144.95631696423376
3,-7.0,0.9,0.0,4.0,30,True,0.0,9.5,-45.60045169074829,1458.5725655351741,-519.3813777655254
4,,1.5,0.0,0.0,30,False,0.0,14.5,-28.070741331823456,1471.9544077347941,-1686.3114588442545
5,,-2.0,0.0,0.0,30,True,0.0,-7.5,106.88561336002294,1483.310539289636,2581.7596734738017
6,21.0,-4.833333333333333,1.0,0.0,30,True,1.0,-3.5,123.25777952895851,1454.657998324077,1491.9496367966171
7,27.0,8.5,1.0,0.0,30,False,0.0,2.0,40.43137773550097,1494.892447221562,1159.3876875105216
8,-3.0,3.2,0.0,1.0,30,False,0.0,-4.5,35.450808011714344,1426.1332494939334,536.558653890936
9,-3.0,-20.666666666666668,0.0,1.0,30,True,0.0,-4.5,27.977623296778575,1480.3856060240166,2684.1394310589185
10,,13.75,0.0,0.0,30,False,0.0,-9.0,133.7107314079169,1412.9721138444258,2684.1394310589185
11,,5.625,0.0,0.0,30,False,0.0,6.5,-14.506841197545327,1494.892447221562,61.65387375589771
12,14.0,3.0,2.0,0.0,30,False,0.0,4.0,-24.651822431622577,1577.9157778530355,-544.7809295737876
13,10.5,-6.375,1.0,0.0,30,False,0.0,4.5,-87.18576832111717,1583.7743109606668,-761.7405156372092
14,46.5,13.875,1.0,0.0,30,False,0.0,-2.0,75.41108163987155,1508.3632293207952,2054.011256006805
15,11.0,-1.8,1.0,0.0,30,False,0.0,1.5,41.82130620233943,1483.310539289636,233.77082115066625
16,,-0.75,0.0,0.0,30,False,0.0,7.5,53.86355505040706,1443.8836664029707,115.73281798143267
17,-14.5,-7.6,0.0,2.0,30,False,0.0,3.5,16.995148091607916,1508.3632293207952,491.49435912842625
18,,0.0,0.0,0.0,30,True,0.0,9.0,-117.64847018401179,1546.6828452523428,-2684.1394310589185
19,,1.6666666666666667,0.0,0.0,30,True,1.0,-9.0,106.57653284839625,1471.9544077347941,863.9391462959487
20,,3.0,0.0,0.0,30,False,1.0,-1.5,123.33895582893388,1480.3856060240166,1272.6823225517073
21,,-6.5,0.0,0.0,30,True,0.0,6.5,-78.7661342004053,1603.7245618529505,-233.77082115066625
22,2.0,-5.75,1.0,0.0,30,False,1.0,-9.5,0.7145808146065065,1457.8579847205676,-943.5188286046345
23,-38.5,-10.75,0.0,3.0,30,True,0.0,-2.0,-40.43137773550097,1535.323824957063,-1159.3876875105216
24,-8.5,-2.5,0.0,1.0,30,False,0.0,8.0,-3.199986396490658,1457.8579847205676,-2684.1394310589185
25,-1.0,3.5,0.0,2.0,30,True,0.0,-5.5,-14.150782929212482,1535.323824957063,761.7405156372092
26,24.5,12.166666666666666,2.0,0.0,30,False,0.0,9.0,3.199986396490658,1454.657998324077,561.891686983934
27,,3.3333333333333335,0.0,0.0,30,True,0.0,-3.0,-11.356131554841795,1483.310539289636,-2068.547493521597
28,20.0,8.666666666666666,2.0,0.0,30,False,0.0,4.5,-57.17728979570256,1483.310539289636,-2147.8831522004493
29,,-0.5,0.0,0.0,30,True,0.0,4.5,-1.9892798232986024,1412.9721138444258,-2684.1394310589185
0,14.5,2.5,1.0,0.0,31,True,0.0,1.5,-45.835839644135376,1516.469023934903,-85.38493327256083
1,-18.5,-4.0,0.0,1.0,31,True,0.0,-11.0,124.9086704673116,1462.4865740210234,656.5811246304543
2,-8.0,-12.0,0.0,1.0,31,False,0.0,-2.5,32.4970169563976,1438.4733859135858,-318.38563824986164
3,-3.5,-3.7,0.0,5.0,31,False,0.0,13.0,-142.39710144192782,1552.839770334929,-1298.4872341478435
4,23.5,8.833333333333334,1.0,0.0,31,True,0.0,11.0,-135.85697110822298,1587.395244488335,-1726.3277177170385
5,15.5,-0.125,1.0,0.0,31,True,1.0,-8.5,110.87823820946846,1490.0926144762363,1926.4457654528912
6,-9.5,-6.666666666666667,0.0,1.0,31,False,0.0,-3.5,44.26703042379381,1516.469023934903,495.3134007922208
7,-8.0,0.0,0.0,1.0,31,True,0.0,,48.24713811471179,1486.899429380387,-1492.2266284717834
8,3.5,3.5,1.0,0.0,31,False,0.0,,-33.25629953409339,1486.899429380387,790.6881477753365
9,-6.5,-17.125,0.0,2.0,31,False,0.0,5.5,10.027764393352754,1507.2248184049427,-570.6426683783061
10,8.0,11.833333333333334,1.0,0.0,31,True,1.0,,129.9623203491842,1422.8774499857448,818.9903304738073
11,33.5,12.375,1.0,0.0,31,False,0.0,,-37.522486816192895,1521.3502994898147,-344.619350591283
12,-12.0,6.125,0.0,1.0,31,False,0.0,,9.707624557054942,1560.7360543586967,-1463.6985553962172
13,17.5,7.375,2.0,0.0,31,False,1.0,4.5,-14.125481084872035,1521.3502994898147,-376.18541260906125
14,14.0,17.0,2.0,0.0,31,True,0.0,-1.5,130.4620223325726,1470.6331842907675,1463.6985553962172
15,2.5,-2.6,2.0,0.0,31,False,1.0,1.0,7.7765620478446635,1525.5710540887087,1489.5589018493165
16,15.5,9.875,1.0,0.0,31,True,0.0,8.5,6.264801802614556,1483.8278126736218,855.5600565876874
17,-9.5,-7.2,0.0,3.0,31,False,1.0,3.5,45.835839644135376,1470.6331842907675,-1263.551499566829
18,-2.0,-0.5,0.0,1.0,31,True,1.0,8.5,-158.96603763581675,1581.8434876215615,-411.55780516440643
19,-6.0,3.1666666666666665,0.0,1.0,31,False,0.0,-9.0,110.21975319163357,1471.623734429928,1767.4395911870133
20,10.5,5.5,1.0,0.0,31,True,0.0,-1.5,192.66926652378584,1410.4426688930012,62.00009554968551
21,13.5,1.0,1.0,0.0,31,True,0.0,-1.0,-7.7765620478446635,1533.3476161365534,-2284.7039701997946
22,-5.5,-5.0,0.0,1.0,31,False,0.0,-13.0,-124.9086704673116,1587.395244488335,7.261625247815061
23,8.0,-7.0,1.0,0.0,31,True,0.0,,-48.24713811471179,1535.1465674950987,-495.3134007922208
24,-16.0,-5.875,0.0,2.0,31,True,0.0,6.5,-119.84380574398006,1560.7360543586967,320.7928337722485
25,-18.5,-1.0,0.0,3.0,31,True,1.0,-4.5,14.125481084872035,1507.2248184049427,376.18541260906125
26,4.0,10.125,3.0,0.0,31,False,1.0,9.0,9.137160408904492,1462.4865740210234,-901.3281878151205
27,-7.0,0.16666666666666666,0.0,1.0,31,False,0.0,,-84.19790963850596,1552.839770334929,-1461.4814082815878
28,-6.5,4.875,0.0,1.0,31,False,0.0,2.5,-162.49746677211897,1600.9708526857048,-320.7928337722485
29,0.5,0.6666666666666666,1.0,0.0,31,True,0.0,,-168.33120864900957,1581.8434876215615,-2787.1994293446432
0,9.5,6.833333333333333,2.0,0.0,32,True,1.0,3.0,3.2583130534042084,1469.379147207326,-1386.7085746872465
1,26.0,1.125,1.0,0.0,32,True,1.0,-12.0,82.61559492491051,1482.5642315663026,833.2841731803651
2,-17.5,-13.375,0.0,2.0,32,False,0.0,-2.0,-53.706155121414895,1525.0045005939862,-934.577031415429
3,10.0,-1.1,1.0,0.0,32,True,1.0,,5.037476685904494,1425.053540540582,-1430.2505288263824
4,-14.0,6.0,0.0,1.0,32,True,0.0,12.0,-95.80067928388712,1565.1798264912131,-79.30472574622576
5,18.5,3.75,2.0,0.0,32,True,0.0,-10.5,115.87048079112833,1468.8127982668675,2710.2426454963024
6,5.5,-3.625,1.0,0.0,32,False,1.0,-3.5,72.89660980050985,1484.8859852345652,2831.2504454224313
7,,0.0,0.0,0.0,32,True,1.0,,-62.38118529632493,1584.6832790579958,-118.17756524578562
8,,-0.75,0.0,0.0,32,False,0.0,6.0,-39.850949598944,1511.7631722713375,119.06452096946157
9,-4.5,-16.0,0.0,3.0,32,True,1.0,3.5,-31.39201802328057,1546.5147573349004,440.0755517578359
10,,11.833333333333334,0.0,0.0,32,True,0.0,,24.760913948169446,1519.2579075179362,840.1366938488522
11,,19.0,0.0,0.0,32,True,0.0,3.5,-32.55850774531723,1515.1227393116199,-1265.169344795298
12,,6.125,0.0,0.0,32,True,0.0,3.5,-40.71116091816316,1587.2259182530636,879.0585193730288
13,8.5,8.625,3.0,0.0,32,True,0.0,,6.693776480734414,1505.069395790603,-650.0289026220895
14,-5.5,12.5,0.0,1.0,32,True,0.0,-3.0,40.71116091816316,1546.5147573349004,2831.2504454224313
15,-9.0,-3.3,0.0,1.0,32,False,0.0,3.0,52.367040333256,1472.6374602607302,-840.1366938488522
16,5.5,6.375,2.0,0.0,32,True,0.0,-10.5,28.57047513556654,1471.2983454725713,1701.9629074722125
17,9.5,-7.1,1.0,0.0,32,False,0.0,-3.5,-38.52468751713877,1557.782595035075,-720.1286269401074
18,5.5,0.375,1.0,0.0,32,True,0.0,7.5,-90.96534665868444,1522.302093761671,-2831.2504454224313
19,14.0,8.666666666666666,1.0,0.0,32,False,1.0,-7.5,36.43904929252949,1523.676735403655,2831.2504454224313
20,22.5,11.375,2.0,0.0,32,True,0.0,,0.5169211151298896,1587.2259182530636,389.56911684245574
21,3.0,8.25,2.0,0.0,32,True,0.0,-3.0,-41.50309108755823,1565.1798264912131,-716.7160482562208
22,-10.0,-11.625,0.0,2.0,32,False,0.0,10.5,26.90193719090894,1441.9108610759586,-367.57225919725516
23,,-11.625,0.0,0.0,32,False,1.0,-6.0,-72.89660980050985,1557.782595035075,-440.0755517578359
24,8.5,-2.625,1.0,0.0,32,True,0.0,7.0,9.355434348580957,1441.9108610759586,-2831.2504454224313
25,-8.5,-8.25,0.0,4.0,32,True,1.0,-3.5,-6.693776480734414,1511.7631722713375,-187.45732820345938
26,6.0,9.5,4.0,0.0,32,False,0.0,-7.0,-83.37252064508698,1560.1157846961844,479.4974395355862
27,,0.16666666666666666,0.0,0.0,32,False,0.0,,-88.60163757350051,1560.1157846961844,-2831.2504454224313
28,0.5,6.375,1.0,0.0,32,True,0.0,2.0,-9.355434348580957,1451.2662954245395,-150.3963376194502
29,,0.6666666666666666,0.0,0.0,32,True,0.0,10.5,-135.06224415560246,1560.1157846961844,-2831.2504454224313
0,13.0,8.375,3.0,0.0,33,False,1.0,-5.5,-42.58489003352338,1523.4200428270613,-167.10630288930247
1,-21.0,0.0,0.0,1.0,33,True,0.0,,76.89148099353429,1486.241521849579,1922.5189727611169
2,4.0,-10.125,1.0,0.0,33,True,1.0,9.5,-27.22635503028232,1485.3281713221193,-466.28449011748023
3,,-1.0,0.0,0.0,33,True,0.0,-2.5,-225.8534107972573,1627.8492958064026,-1105.8203791399949
4,-9.0,2.25,0.0,2.0,33,False,0.0,5.5,-29.302015867050613,1485.3281713221193,-268.0634171623008
5,0.5,6.875,3.0,0.0,33,False,0.0,,174.7295043219342,1439.3777261185896,1595.2279673801886
6,-7.5,2.375,0.0,1.0,33,False,0.0,,140.28872411769566,1422.1092677446616,1304.1143494325884
7,,5.166666666666667,0.0,0.0,33,False,0.0,-2.0,52.16788380810499,1465.24760806408,2822.974785217318
8,7.0,5.0,1.0,0.0,33,False,0.0,5.0,-48.02781574343771,1513.2754238075177,2.209696521496994
9,7.5,-1.625,1.0,0.0,33,True,0.0,-4.0,33.7179028210503,1471.208510525822,-2847.561293519626
10,,8.25,0.0,0.0,33,True,0.0,-8.5,26.197190043883666,1523.4200428270613,933.8959479421803
11,-2.5,17.333333333333332,0.0,1.0,33,False,1.0,5.5,-141.60777395682362,1627.8492958064026,-762.1263107039513
12,13.5,14.75,1.0,0.0,33,False,0.0,,69.1902088771676,1504.9264133468723,2878.822621825794
13,,8.625,0.0,0.0,33,False,0.0,4.0,64.47234050845941,1465.24760806408,-2878.822621825794
14,26.0,13.0,1.0,0.0,33,False,1.0,-12.0,124.12968659683838,1468.8024964768972,2878.822621825794
15,7.0,-1.1,1.0,0.0,33,True,0.0,1.5,-26.197190043883666,1549.617232870945,1993.1611329476082
16,-13.5,-0.5,0.0,1.0,33,False,0.0,-9.5,63.218903577457695,1422.1092677446616,1435.0696917887649
17,-2.5,-10.2,0.0,1.0,33,True,0.0,,-11.989495355187273,1549.617232870945,38.30953351930185
18,-9.5,-3.5,0.0,1.0,33,True,1.0,8.5,-119.8075084980519,1549.617232870945,-2878.822621825794
19,-3.5,1.5,0.0,1.0,33,False,0.0,,170.32372145820818,1419.4859649173816,2878.822621825794
20,,15.5,0.0,0.0,33,True,0.0,-5.5,90.22155829064491,1537.6277375157576,1490.9550531850382
21,-4.0,4.166666666666667,0.0,1.0,33,True,1.0,-1.5,11.603980318967615,1523.4200428270613,-2072.130117550138
22,32.5,-2.8,1.0,0.0,33,False,0.0,,45.23128530953886,1422.1092677446616,-343.3306237484131
23,-10.0,-13.25,0.0,1.0,33,True,0.0,2.0,-33.7179028210503,1504.9264133468723,-1518.841540132381
24,11.0,0.1,2.0,0.0,33,True,0.0,-3.0,-140.28872411769566,1562.3979918623572,-218.61562416976741
25,-30.5,-12.7,0.0,5.0,33,True,0.0,-5.0,27.033901957938724,1486.241521849579,-145.63339645170592
26,2.0,8.0,5.0,0.0,33,False,0.0,,9.631859759410872,1458.101816291837,-38.30953351930185
27,,1.0,0.0,0.0,33,True,0.0,12.0,-124.12968659683838,1592.9321830737356,167.10630288930247
28,-1.0,4.9,0.0,1.0,33,True,0.0,3.0,-27.962826935610792,1467.3405530542004,-2822.974785217318
29,28.5,9.333333333333334,1.0,0.0,33,False,0.0,2.5,-36.54019053768707,1456.0261554550686,903.7309867603758
0,23.5,15.125,4.0,0.0,34,False,0.0,,39.1653600544862,1455.86088957743,-1056.7393764513686
1,,-4.5,0.0,0.0,34,False,0.0,,90.98154338220638,1455.86088957743,945.8396991446459
2,0.5,-5.25,2.0,0.0,34,False,1.0,,-26.50206721453378,1476.1687797788093,-1653.3740687233371
3,-9.5,-2.5,0.0,1.0,34,False,0.0,,-27.35523267361782,1435.487447205346,-644.7886786027084
4,-2.5,-0.5,0.0,3.0,34,True,0.0,2.5,-59.53880242657033,1495.0262496319162,-833.4218870443142
5,,11.5,0.0,0.0,34,False,0.0,,84.77487924654838,1525.7057426863762,2462.8032272814016
6,,2.375,0.0,0.0,34,False,0.0,-4.0,58.025631316845875,1487.8689903889008,-718.7582271918541
7,9.0,9.333333333333334,1.0,0.0,34,True,0.0,-6.0,86.94746743724636,1438.7582752491298,1056.7393764513686
8,-8.0,-0.125,0.0,1.0,34,True,0.0,6.0,-51.39787032793879,1525.7057426863762,-1116.2765330275233
9,-22.0,-5.7,0.0,1.0,34,True,0.0,-6.5,-109.55289129672997,1610.4806219329246,1853.2041881899904
10,2.5,5.25,1.0,0.0,34,True,0.0,,9.51848842870254,1545.8946217057467,-222.7818802640526
11,-31.5,-0.16666666666666666,0.0,2.0,34,False,1.0,,-35.194477691440625,1546.8424329596364,-1202.7899942578147
12,,5.166666666666667,0.0,0.0,34,False,1.0,,154.1014578253289,1424.0138471093887,738.747359699244
13,6.0,10.625,1.0,0.0,34,True,0.0,1.0,19.731953641987275,1500.9277306361946,-437.1325253934567
14,-4.0,15.4,0.0,1.0,34,False,0.0,,181.859942863814,1424.0138471093887,-1273.355286648813
15,12.5,4.8,2.0,0.0,34,True,1.0,,101.54083636041787,1424.0138471093887,573.503094542076
16,14.5,5.5,1.0,0.0,34,True,0.0,-2.5,20.518650813527074,1455.86088957743,162.83273326603427
17,,-4.25,0.0,0.0,34,False,0.0,,61.25013758213868,1476.1687797788093,-784.5698321825437
18,0.5,-1.375,1.0,0.0,34,True,0.0,,-181.859942863814,1605.8737899732027,-2923.033565671297
19,,1.5,0.0,0.0,34,True,0.0,-12.5,139.48578030094177,1440.0246731671043,573.423203431943
20,12.5,15.166666666666666,1.0,0.0,34,True,1.0,,49.94281102649461,1578.1153049347176,1300.6184188137183
21,-24.5,-3.0,0.0,2.0,34,True,1.0,,-46.621070964762566,1579.510453468046,1653.3740687233371
22,,4.75,0.0,0.0,34,False,1.0,-5.5,-19.90898646524056,1487.8689903889008,-1853.2041881899904
23,-3.0,-10.875,0.0,2.0,34,False,0.0,6.5,-135.81102008493622,1605.8737899732027,-467.01568693704417
24,-25.0,-6.0,0.0,1.0,34,False,0.0,4.0,-61.71137108312746,1467.9600039236602,-1399.6600831960345
25,-6.0,-12.9,0.0,5.0,34,False,0.0,-1.0,13.561118030463376,1474.3078723584374,437.1325253934567
26,,9.125,0.0,0.0,34,True,0.0,,-61.25013758213868,1537.418917360948,-738.747359699244
27,-17.0,-12.0,0.0,1.0,34,False,0.0,,-39.1653600544862,1495.0262496319162,-2923.033565671297
28,-8.0,1.0,0.0,2.0,34,False,0.0,5.5,-86.94746743724636,1525.7057426863762,-573.423203431943
29,-9.5,6.5,0.0,1.0,34,True,1.0,12.5,16.010826057715576,1424.0138471093887,261.4288135763006
0,,15.125,0.0,0.0,35,False,0.0,,-30.493473814125764,1520.0658832470995,-139.8230277045795
1,,-4.5,0.0,0.0,35,False,1.0,,33.99060112301254,1512.5683149940644,585.9415647656541
2,,-5.25,0.0,0.0,35,False,0.0,,-33.65468480028153,1514.9044646857333,-1278.4730992128648
3,,-1.0,0.0,0.0,35,False,1.0,4.5,-34.35251513674666,1488.144884739107,-1863.6741078634486
4,7.5,1.1,1.0,0.0,35,False,0.0,-4.5,-37.517401043202426,1504.5211943886168,910.8558357079764
5,,11.5,0.0,0.0,35,False,1.0,-4.0,56.375069770919026,1507.630745431274,2846.1897299337406
6,-15.0,-6.625,0.0,1.0,35,True,0.0,6.5,-5.420912253036704,1534.6977246193487,322.8215521718846
7,13.0,4.666666666666667,2.0,0.0,35,True,0.0,-7.5,30.493473814125764,1489.5724094329737,-180.04109802169108
8,15.0,4.375,1.0,0.0,35,True,0.0,,-26.759579946626218,1514.9044646857333,598.7389949561539
9,27.5,0.4,1.0,0.0,35,True,0.0,4.0,26.496754463167463,1481.1339909681064,-2342.7316747243135
10,,5.25,0.0,0.0,35,True,0.0,,-11.861191497728214,1546.558916117077,1106.7283280491415
11,,-0.16666666666666666,0.0,0.0,35,True,0.0,,-53.953873844046484,1546.558916117077,-236.06255493123427
12,,0.75,0.0,0.0,35,False,0.0,-4.5,37.78799809741713,1491.0008103194791,-2530.532587353819
13,11.0,10.75,2.0,0.0,35,True,0.0,,13.230425255311047,1494.0141634222396,-2846.1897299337406
14,,7.625,0.0,0.0,35,False,0.0,,-13.850095502156364,1570.0407441901639,1669.7164471231386
15,,3.25,0.0,0.0,35,True,0.0,,20.204250610137933,1492.6050422730304,2778.9210770793798
16,13.5,7.1,2.0,0.0,35,False,0.0,,13.520384069137663,1491.0008103194791,-438.4735485772193
17,,-0.8333333333333334,0.0,0.0,35,True,0.0,,-57.47242919609948,1570.0407441901639,-1179.9615049706156
18,,-1.375,0.0,0.0,35,False,0.0,4.5,-76.5147914577908,1528.7888084168962,-2721.997133243103
19,3.5,2.0,1.0,0.0,35,False,0.0,-12.5,90.77599318306648,1454.0672595343642,-2679.9194995380058
20,,15.166666666666666,0.0,0.0,35,True,1.0,,25.19749147273319,1544.8432527174307,-619.9508015857496
21,,-3.0,0.0,0.0,35,False,0.0,,33.65468480028153,1481.2497798854517,907.1646774791942
22,-39.5,-5.625,0.0,1.0,35,False,1.0,-6.0,-26.496754463167463,1507.630745431274,606.3777289646974
23,-11.5,-4.125,0.0,3.0,35,False,0.0,,-2.959823717749714,1492.6050422730304,580.9602609344473
24,-4.0,-5.1,0.0,2.0,35,False,0.0,6.0,-43.465762739340335,1507.2445886775506,-2169.1562368197046
25,-11.0,-14.9,0.0,5.0,35,True,0.0,-6.5,-13.230425255311047,1507.2445886775506,-1002.6917368781919
26,,4.0,0.0,0.0,35,False,0.0,,-37.78799809741713,1528.7888084168962,180.04109802169108
27,,-12.0,0.0,0.0,35,True,0.0,,-79.78955905674184,1546.558916117077,1278.4730992128648
28,-10.5,-5.1,0.0,3.0,35,False,0.0,7.5,-90.77599318306648,1544.8432527174307,-2612.741229864946
29,0.5,5.0,1.0,0.0,35,True,0.0,12.5,-8.047059383432497,1452.2740169591054,-3066.274574587773
0,,15.333333333333334,0.0,0.0,36,False,1.0,7.0,-29.387362673372763,1511.8202305445518,-887.369365030751
1,,2.5,0.0,0.0,36,False,1.0,-4.0,32.72445135815792,1541.6241941637406,-119.79537730072184
2,,-4.333333333333333,0.0,0.0,36,False,1.0,13.5,25.49516770185801,1442.0821438635048,-1031.199831679638
3,-5.5,-1.6666666666666667,0.0,1.0,36,True,0.0,,-170.4994451835123,1597.6286752440517,-126.07607194199971
4,2.5,-3.1,2.0,0.0,36,False,0.0,-6.0,27.638814363421943,1427.1292300605394,1566.3340037601424
5,8.0,9.0,1.0,0.0,36,False,0.0,,85.80844469949989,1511.8202305445518,269.845183612901
6,-5.5,-5.625,0.0,2.0,36,False,0.0,5.5,-62.1755710980608,1597.6286752440517,1004.836622744112
7,-10.5,3.8333333333333335,0.0,1.0,36,False,1.0,-7.0,58.739509837914284,1477.1665100939808,-25.420937491245354
8,,4.666666666666667,0.0,0.0,36,True,1.0,-2.5,59.06466185280965,1427.1292300605394,-72.60091559868181
9,12.0,4.1,2.0,0.0,36,True,1.0,,-54.394940521808394,1572.3406398040108,1170.7674226323732
10,,2.5,0.0,0.0,36,False,0.0,-5.5,29.803963619188835,1511.8202305445518,3179.0283854392756
11,,-17.0,0.0,0.0,36,False,0.0,2.0,-12.63611376054746,1509.4262721189755,-1108.7887299150157
12,-22.5,-4.5,0.0,1.0,36,True,0.0,9.0,-65.13483529731798,1609.0926741024407,887.369365030751
13,,8.5,0.0,0.0,36,True,0.0,-8.0,-85.80844469949989,1597.6286752440517,1699.1046551007366
14,,5.5,0.0,0.0,36,False,0.0,,96.21920112563885,1476.121438678372,1063.4743672044417
15,,3.5,0.0,0.0,36,False,0.0,-2.0,75.1394823490723,1436.9931575637875,542.6425251965153
16,,5.0,0.0,0.0,36,False,1.0,-13.5,-2.0448417338436684,1511.4711138528191,-2230.3715165462063
17,,3.5,0.0,0.0,36,False,0.0,4.0,-52.15432604644866,1574.3486455218986,72.60091559868181
18,-6.5,-2.5,0.0,1.0,36,True,0.0,9.0,-69.91615430581669,1512.1326399128598,-522.6529675329311
19,-22.5,-2.125,0.0,1.0,36,False,1.0,-12.5,-44.260781129508814,1609.0926741024407,2418.510548654138
20,,17.5,0.0,0.0,36,False,0.0,-9.0,34.744028580542135,1574.3486455218986,1101.9124035255686
21,,-8.5,0.0,0.0,36,False,0.0,2.5,25.27722193947011,1486.193891913349,2474.4422854281856
22,23.0,1.5,1.0,0.0,36,True,0.0,6.5,-1.0317098326981977,1467.5773115653628,-463.73964490286164
23,,-8.166666666666666,0.0,0.0,36,False,1.0,,9.575836945707351,1466.5456017326646,126.07607194199971
24,9.0,-0.1,1.0,0.0,36,False,0.0,8.0,-76.17216380857212,1509.4262721189755,-353.19810180934263
25,3.5,-10.5,1.0,0.0,36,True,0.0,-6.5,-49.667262350180636,1535.453104145991,769.4683747037946
26,,4.0,0.0,0.0,36,True,1.0,,-58.739509837914284,1535.9060199318951,25.420937491245354
27,,-17.0,0.0,0.0,36,True,0.0,-1.5,-25.49516770185801,1467.5773115653628,-2474.4422854281856
28,20.5,0.3,1.0,0.0,36,False,0.0,12.5,-74.47795628903168,1511.4711138528191,-543.4362727480174
29,-10.5,2.25,0.0,1.0,36,False,1.0,6.0,-121.23780905418721,1541.6241941637406,7.317905470179994
0,-19.0,5.833333333333333,0.0,1.0,37,False,0.0,3.0,-62.753486941371875,1538.329961714688,444.35619027153894
1,-17.0,-19.0,0.0,1.0,37,False,0.0,-2.0,-44.613914058885484,1614.0276168416124,571.9335765339636
2,16.5,7.0,1.0,0.0,37,True,1.0,,-48.80484354394753,1504.3788701147973,-777.7107529266865
3,,-7.5,0.0,0.0,37,False,0.0,7.0,-53.12219694021337,1480.8247705190463,21.732225659762577
4,-24.0,-5.1,0.0,1.0,37,True,0.0,,41.73122794544679,1415.4337041418855,-2456.653246532786
5,,4.25,0.0,0.0,37,True,1.0,-9.5,72.83765424309445,1528.037092754135,1596.8073850008916
6,-9.5,-9.375,0.0,3.0,37,True,1.0,9.5,-42.6246470424403,1570.6617397965754,2499.996660398968
7,4.0,3.875,1.0,0.0,37,True,0.0,-2.0,50.190988832656785,1481.4407705966096,-571.9335765339636
8,11.5,6.375,1.0,0.0,37,True,0.0,6.0,-30.966644430724273,1522.9835477440536,471.66737594033185
9,,6.25,0.0,0.0,37,True,0.0,-6.5,31.396884642684654,1493.201853187666,-319.5146694348341
10,17.5,10.0,1.0,0.0,37,False,0.0,2.0,131.14317098952301,1415.4337041418855,940.2340083552236
11,15.0,-6.333333333333333,1.0,0.0,37,True,0.0,,-21.36932424870224,1514.5728135767856,431.48280175863374
12,35.0,8.666666666666666,1.0,0.0,37,False,0.0,,62.753486941371875,1475.576474773316,290.2617312370449
13,0.0,5.666666666666667,0.0,0.0,37,True,1.0,-3.0,72.76710609323209,1438.3015103145815,237.34595358150978
14,,11.0,0.0,0.0,37,False,1.0,6.5,77.4598866089093,1493.201853187666,2126.0188245635313
15,-7.0,4.166666666666667,0.0,1.0,37,False,1.0,-8.5,21.370960389119546,1493.201853187666,319.5146694348341
16,-47.5,-8.25,0.0,1.0,37,True,0.0,,-57.336148083126545,1561.7150181979239,-153.69193706382072
17,-10.0,-6.25,0.0,1.0,37,True,0.0,-6.0,30.966644430724273,1492.0169033133293,-290.2617312370449
18,21.0,1.375,1.0,0.0,37,False,1.0,-7.5,24.34260780123168,1415.4337041418855,-131.18662201894142
19,-25.5,-12.0,0.0,2.0,37,True,0.0,5.0,104.55008611059156,1457.1649320873323,1780.7670768667574
20,-16.0,-1.75,0.0,1.0,37,False,0.0,-5.0,13.152869844382849,1600.8747469972295,3257.6964654629382
21,11.5,-5.666666666666667,1.0,0.0,37,True,1.0,-1.5,50.102563573662565,1451.4606497780346,1354.9366414718459
22,-3.5,3.125,0.0,1.0,37,True,0.0,,-18.98250062705597,1480.8247705190463,453.30905154135644
23,,-8.166666666666666,0.0,0.0,37,True,0.0,,53.12219694021337,1427.702573578833,11.789967464059771
24,5.0,-0.8,2.0,0.0,37,False,0.0,,-53.7153929987478,1492.0169033133293,897.3697557342457
25,-0.5,-8.9,0.0,1.0,37,True,0.0,-2.5,31.359583295675748,1461.8422698919903,-606.8556775028835
26,,2.0,0.0,0.0,37,False,0.0,2.0,-50.190988832656785,1531.6317594292664,251.05778426716978
27,-10.5,-13.75,0.0,1.0,37,True,0.0,1.5,-50.102563573662565,1501.5632133516972,-1589.7265679985496
28,48.5,9.9,2.0,0.0,37,True,0.0,8.5,-67.6717555118762,1514.5728135767856,-444.35619027153894
29,0.0,1.8,0.0,0.0,37,False,0.0,7.5,-46.4085657501048,1461.8422698919903,-952.7052668354745
0,6.0,3.5,1.0,0.0,38,False,0.0,,3.923421941246943,1463.3171110249443,-276.1016658067668
1,10.0,-3.5,1.0,0.0,38,True,0.0,,29.973891943928265,1534.9534869956387,69.85513302504734
2,,8.5,0.0,0.0,38,True,0.0,8.0,-3.4741089642834595,1462.8757022411423,-264.1213928742869
3,0.0,-5.0,0.0,0.0,38,False,0.0,,-49.348450127600245,1485.0956666562033,-447.120121182322
4,,-4.125,0.0,0.0,38,True,0.0,1.5,-82.14186333837188,1550.510906811814,-289.3522450255051
5,0.5,4.25,1.0,0.0,38,True,0.0,,169.39997726037518,1435.747216528603,-763.7569005337334
6,30.5,0.125,1.0,0.0,38,True,0.0,,10.662318429264133,1511.9340480476453,3283.6875383011707
7,-14.0,0.3,0.0,1.0,38,True,1.0,,-29.973891943928265,1564.927378939567,-359.7176721955084
8,9.0,6.875,2.0,0.0,38,False,0.0,-5.5,51.99644370611645,1439.1609849608972,793.1920724224952
9,-22.5,-1.25,0.0,1.0,38,False,0.0,-3.0,12.814513755858343,1498.1567606167507,738.7603568955041
10,6.0,8.666666666666666,2.0,0.0,38,True,0.0,-4.5,-13.381616080722324,1564.5102842444473,632.211173384795
11,,-8.25,0.0,0.0,38,False,0.0,-8.0,15.620329447154518,1485.0956666562033,264.1213928742869
12,,6.25,0.0,0.0,38,False,0.0,2.5,32.07269200964447,1514.5932115121682,359.7176721955084
13,14.0,7.75,1.0,0.0,38,False,0.0,4.5,44.69351508145405,1467.2405329661913,-2028.5625145262643
14,-1.5,-2.75,0.0,1.0,38,True,0.0,,53.53900987183829,1510.971274372609,-435.93468296220703
15,7.5,4.333333333333333,1.0,0.0,38,False,0.0,2.5,-12.814513755858343,1510.971274372609,-72.91103033065974
16,,-6.5,0.0,0.0,38,True,1.0,-7.0,-0.9185313845682685,1494.9196052038585,-610.9553927162984
17,-4.0,-7.0,0.0,2.0,38,False,1.0,-2.5,-32.07269200964447,1546.6659035218127,733.6937157828119
18,4.5,4.875,2.0,0.0,38,True,0.0,,30.336035763435575,1414.4002717927335,-733.6937157828119
19,-4.0,-12.125,0.0,3.0,38,True,0.0,-10.5,46.578137964085954,1503.932768847728,3283.6875383011707
20,20.0,5.5,1.0,0.0,38,False,1.0,,59.2442632380496,1550.510906811814,3283.6875383011707
21,-14.5,-9.166666666666666,0.0,1.0,38,False,0.0,10.5,40.61565782278376,1463.3171110249443,-1733.4768665067597
22,,-6.666666666666667,0.0,0.0,38,True,0.0,-3.5,48.475430448408815,1414.4002717927335,927.6527704243349
23,,-7.25,0.0,0.0,38,True,1.0,3.5,17.855133690012053,1467.2405329661913,1106.349518488255
24,,-3.75,0.0,0.0,38,False,1.0,5.5,-5.575322595271928,1444.736307556169,-3283.6875383011707
25,2.5,-2.3,1.0,0.0,38,False,0.0,-2.5,-69.59067904058884,1564.5102842444473,242.44092873207
26,-2.0,-2.0,0.0,1.0,38,False,0.0,-1.5,9.749999556795046,1468.3690434734422,-33.336180977488496
27,-22.5,-16.666666666666668,0.0,2.0,38,False,0.0,7.0,-44.90997953728652,1494.0010738192902,-3283.6875383011707
28,5.5,11.2,3.0,0.0,38,True,0.0,,-3.923421941246943,1467.2405329661913,72.91103033065974
29,-25.5,-9.0,0.0,1.0,38,True,1.0,,-53.96877168070864,1468.3690434734422,-3283.6875383011707
0,,-6.5,0.0,0.0,39,True,0.0,,-24.548715597465844,1488.4424576099302,-386.89639248332276
1,,-3.5,0.0,0.0,39,True,1.0,-5.5,68.90518792524972,1500.7244400739426,3346.2798135913426
2,-6.0,5.25,0.0,1.0,39,True,0.0,11.0,-60.98412726483548,1508.5899306994195,-813.6405132643754
3,,-2.75,0.0,0.0,39,False,0.0,4.0,-33.8690965895039,1471.7087092646946,-610.2139464769256
4,5.5,-2.125,1.0,0.0,39,False,0.0,3.0,3.162096371109101,1475.5493761724347,-119.9529689848342
5,,4.25,0.0,0.0,39,True,1.0,,-14.91440117364823,1617.969198816039,3346.2798135913426
6,,0.125,0.0,0.0,39,True,0.0,5.0,83.39217979806972,1448.383207290702,907.1446007566303
7,,-1.875,0.0,0.0,39,True,0.0,5.5,-13.876755543768923,1544.1279934797824,308.50733720374956
8,9.5,11.25,3.0,0.0,39,True,1.0,-6.5,42.76950678860271,1447.605803434584,-943.4281327615696
9,0.0,4.25,0.0,0.0,39,False,1.0,-7.0,27.210521586772302,1490.3753102231867,-316.11913966880786
10,-2.5,7.0,0.0,1.0,39,False,0.0,,-4.840058941927282,1558.7054493743633,869.6873863510493
11,6.0,10.5,1.0,0.0,39,True,0.0,-11.0,60.98412726483548,1447.605803434584,119.9529689848342
12,-20.5,-2.6666666666666665,0.0,1.0,39,True,0.0,2.5,13.876755543768923,1530.2512379360135,-956.7829364883223
13,0.5,6.375,2.0,0.0,39,False,0.0,,-35.77176356084101,1553.865390432436,-3299.8400356515795
14,,-1.5,0.0,0.0,39,True,0.0,-5.0,26.930062285591475,1531.7753870887718,-282.3419582283303
15,7.5,2.6666666666666665,2.0,0.0,39,False,0.0,7.0,34.84471378933608,1471.7087092646946,1740.9702794866057
16,22.0,-4.0,1.0,0.0,39,True,0.0,-6.0,7.027752805225873,1495.5411706079778,2028.9730556882487
17,4.5,-3.1666666666666665,1.0,0.0,39,False,0.0,-2.5,81.61703632783428,1435.5140852263642,-528.79662984174
18,,6.333333333333333,0.0,0.0,39,True,1.0,,-81.61703632783428,1517.1311215541984,-731.9352395632902
19,3.5,-9.0,1.0,0.0,39,True,0.0,-11.5,101.77363335754853,1440.5232446880902,-3346.2798135913426
20,,2.0,0.0,0.0,39,False,0.0,,213.911356093407,1404.057842722632,3346.2798135913426
21,19.5,5.5,1.0,0.0,39,True,0.0,11.5,-46.75570743766093,1542.2968780456388,528.79662984174
22,-11.5,-7.875,0.0,1.0,39,False,1.0,1.0,28.30161989881867,1435.5140852263642,-1893.4768924936227
23,11.5,0.0,1.0,0.0,39,True,0.0,-4.0,16.733748345235654,1471.7087092646946,16.671273682698796
24,-0.5,2.375,0.0,1.0,39,True,0.0,6.5,-83.39217979806972,1531.7753870887718,-1740.9702794866057
25,27.5,4.4,2.0,0.0,39,True,1.0,-2.5,-16.861391736016458,1517.585831809959,-476.30031491342936
26,-17.5,-9.75,0.0,2.0,39,False,0.0,-3.0,-27.019547240769043,1502.5689234132037,352.439305438803
27,-7.0,-13.333333333333334,0.0,3.0,39,False,1.0,6.0,-101.77363335754853,1542.2968780456388,-3346.2798135913426
28,,16.0,0.0,0.0,39,False,1.0,,-34.84471378933608,1506.5534230540306,-1220.4415816560513
29,,-8.875,0.0,0.0,39,True,0.0,,-213.911356093407,1617.969198816039,-1354.055762349465
0,,-6.5,0.0,0.0,40,False,1.0,,-50.90309298742159,1494.5447600214263,968.7374461132854
1,-4.5,-3.8333333333333335,0.0,1.0,40,False,0.0,-12.0,119.94502540333042,1440.8487445179587,3450.7136722834393
2,-4.0,2.1666666666666665,0.0,2.0,40,False,0.0,14.5,-85.84838884763099,1490.6956042048296,-444.08769090778657
3,6.0,0.16666666666666666,1.0,0.0,40,True,0.0,,-49.505219316479725,1493.8097548625854,-2442.25911391546
4,-13.0,-7.25,0.0,1.0,40,True,0.0,-11.5,-35.464076710591826,1529.2738315731772,1051.099190201585
5,,4.25,0.0,0.0,40,True,0.0,,227.9823194658436,1412.6756658236948,1247.899297623523
6,-6.0,2.375,0.0,1.0,40,True,0.0,,-45.4625644647067,1557.0657786158151,956.8636706378454
7,24.5,1.0,1.0,0.0,40,False,1.0,-14.5,152.21856325861654,1404.8472153571986,-956.8636706378454
8,-9.5,5.125,0.0,1.0,40,True,0.0,-6.0,-6.609820658820354,1497.30542486365,735.4161188069459
9,-19.0,-7.375,0.0,1.0,40,False,0.0,11.0,-31.968406709527244,1529.2738315731772,3450.7136722834393
10,,7.0,0.0,0.0,40,False,1.0,,10.236894761859958,1557.0657786158151,107.0506853665442
11,5.0,8.666666666666666,2.0,0.0,40,True,0.0,-11.0,35.464076710591826,1493.8097548625854,590.9215367993293
12,13.5,1.375,1.0,0.0,40,True,0.0,,27.60760843493722,1507.060824116165,1063.0316390416363
13,,4.833333333333333,0.0,0.0,40,True,0.0,-3.5,13.7773667011229,1511.6032141511084,-592.4634572468
14,-9.0,-5.25,0.0,1.0,40,False,0.0,1.5,-3.0432847164363466,1567.302673377675,1042.7862536045893
15,28.0,9.0,3.0,0.0,40,False,0.0,-4.0,70.49640598395081,1436.564418132214,595.1956570491448
16,12.0,-4.5,2.0,0.0,40,True,0.0,-6.5,95.71935798513891,1412.6756658236948,1913.8409047389007
17,12.5,0.75,2.0,0.0,40,True,0.0,-1.5,33.131419410939316,1491.4006874899424,-1042.7862536045893
18,,6.333333333333333,0.0,0.0,40,False,0.0,7.0,4.2843263857446345,1436.564418132214,-1012.0585556103927
19,-36.5,-17.0,0.0,1.0,40,True,1.0,4.0,-136.24434317475493,1666.0135171354602,1746.5828856513263
20,,2.0,0.0,0.0,40,True,0.0,-4.0,223.89318255655417,1442.120334578906,477.9076121214809
21,-3.5,3.25,0.0,1.0,40,True,1.0,6.5,-33.131419410939316,1524.5321069008817,99.24939960459187
22,-4.0,1.0,0.0,2.0,40,True,0.0,-7.0,-49.28035291103629,1491.4006874899424,-3450.7136722834393
23,3.0,7.25,2.0,0.0,40,False,0.0,,50.2402244753207,1444.3045355461056,412.2010564250238
24,-14.5,-0.25,0.0,2.0,40,True,0.0,4.0,-70.49640598395081,1507.060824116165,1240.8505679245122
25,2.5,7.1,3.0,0.0,40,False,0.0,12.0,25.70723897521907,1507.060824116165,-289.33304434179774
26,21.0,0.5,1.0,0.0,40,True,0.0,3.5,-71.80360731174596,1525.3805808522313,-1090.5215108976254
27,0.0,-10.0,0.0,0.0,40,False,0.0,6.0,-227.9823194658436,1640.6579852895384,-735.4161188069459
28,,24.833333333333332,0.0,0.0,40,True,0.0,,-5.309779879530424,1494.5447600214263,1072.7008356620547
29,,-12.0,0.0,0.0,40,True,0.0,11.5,-147.27102167682438,1524.5321069008817,-839.4125388426298
0,,-6.5,0.0,0.0,41,False,0.0,,-9.433998940065749,1474.3535123754207,-1318.1772834261885
1,-25.0,-9.125,0.0,2.0,41,True,0.0,,120.87260203434403,1432.7455116650015,3105.439851307736
2,-4.5,0.5,0.0,3.0,41,False,0.0,,-94.8424226742161,1532.489806832264,-112.54303878577969
3,,3.0,0.0,0.0,41,False,0.0,8.5,-94.27290011399532,1534.9205246299475,-2234.8739199940737
4,21.5,-2.5,1.0,0.0,41,True,1.0,3.0,77.29292085104657,1397.060591524374,-185.6735987520487
5,,0.5,0.0,0.0,41,False,0.0,-9.0,84.85165797738637,1518.4817980974624,945.8212732126794
6,,5.0,0.0,0.0,41,False,1.0,3.5,2.430717797683428,1532.489806832264,3563.3934777341815
7,-3.5,2.75,0.0,1.0,41,False,0.0,-3.5,-2.430717797683428,1534.9205246299475,-566.1810838235724
8,3.0,4.7,1.0,0.0,41,False,0.0,-5.5,56.362608282900965,1432.7455116650015,-1638.716635294167
9,8.0,-8.375,1.0,0.0,41,False,0.0,,66.17516147754782,1432.7455116650015,265.8857740829243
10,,7.0,0.0,0.0,41,False,0.0,,40.90189732316071,1516.0476784722298,2792.6078052196417
11,1.0,6.75,3.0,0.0,41,False,1.0,9.0,19.56112495491311,1498.9206731425493,-945.8212732126794
12,,9.333333333333334,0.0,0.0,41,False,1.0,,99.96370749085122,1437.647384158048,3563.3934777341815
13,-27.5,-3.25,0.0,1.0,41,True,0.0,,22.930884470999445,1481.8339430622616,-3394.723438861469
14,3.5,-2.3333333333333335,1.0,0.0,41,False,0.0,2.0,43.42923357927248,1518.8274338676567,-308.0928924433251
15,-15.0,4.2,0.0,1.0,41,False,0.0,-4.5,-32.376567023705775,1537.6110916488992,3394.723438861469
16,7.5,-1.5,3.0,0.0,41,True,0.0,3.5,56.78089216860326,1457.719977579874,-928.3698035164113
17,-3.5,-0.1,0.0,1.0,41,False,0.0,-2.0,-43.42923357927248,1562.2566674469292,2341.765770526865
18,15.0,13.5,1.0,0.0,41,False,1.0,,-25.333757852800545,1457.719977579874,-3254.496816409274
19,38.0,-4.9,1.0,0.0,41,True,0.0,-3.5,14.035818169477807,1514.5008697484773,1638.716635294167
20,16.0,6.666666666666667,1.0,0.0,41,False,1.0,-16.0,20.648775230297815,1603.3334560748488,2882.781569480375
21,3.5,3.3,1.0,0.0,41,True,1.0,,-11.531484276908031,1514.5008697484773,2302.773317747225
22,-23.0,-10.5,0.0,3.0,41,True,1.0,,-166.26225372527256,1623.9822313051466,-3246.219801097085
23,,7.25,0.0,0.0,41,False,0.0,-8.5,30.00761687270301,1464.919513435355,1128.0090034092846
24,-14.0,-6.0,0.0,3.0,41,True,0.0,4.5,19.942737548358764,1437.647384158048,-3563.3934777341815
25,29.0,12.2,4.0,0.0,41,False,1.0,-3.0,-37.570435227115695,1553.6181136993455,185.6735987520487
26,-10.5,-2.25,0.0,1.0,41,True,0.0,,-80.42272438466762,1562.2566674469292,-1289.0134147851927
27,-3.0,-8.6,0.0,1.0,41,True,0.0,5.5,-56.362608282900965,1489.1081199479024,-3563.3934777341815
28,,27.0,0.0,0.0,41,True,0.0,,27.57665240851884,1437.647384158048,555.5788603655383
29,4.5,-7.0,1.0,0.0,41,False,0.0,16.0,-97.86653878368384,1494.927130308058,-3563.3934777341815
0,,6.0,0.0,0.0,42,False,1.0,1.5,-74.65279160503383,1539.7648718782525,-826.8408980624381
1,,-6.5,0.0,0.0,42,True,1.0,-12.0,43.9792539212815,1495.785617956971,1475.270930224326
2,,-4.833333333333333,0.0,0.0,42,False,0.0,5.0,-50.31718442446322,1469.93243439115,113.93801136596755
3,-3.5,0.8333333333333334,0.0,1.0,42,True,0.0,,-120.47499507748398,1568.5054429251265,-239.4302788789086
4,-2.0,3.0,0.0,1.0,42,True,0.0,-1.5,-50.92967582413462,1540.347361710497,1374.1818698609284
5,1.0,0.75,1.0,0.0,42,False,0.0,-8.0,71.77615623454017,1535.4565894024752,-938.6824904200784
6,0.5,8.333333333333334,1.0,0.0,42,True,0.0,4.5,88.44993338981135,1433.4133469642418,-2634.009889645565
7,15.5,5.625,1.0,0.0,42,True,1.0,2.5,28.399758935466934,1521.8632803540531,-941.2305391580675
8,-0.5,2.3,0.0,1.0,42,True,0.0,,-54.48389804721637,1544.366779563223,211.28143337336172
9,,-8.375,0.0,0.0,42,True,0.0,5.5,-37.777026265618815,1524.3669730133636,3701.8153659492054
10,,1.75,0.0,0.0,42,True,1.0,-2.5,121.99575118742428,1437.4154590354724,1572.788020543562
11,24.0,9.0,4.0,0.0,42,True,0.0,8.0,-71.77615623454017,1607.2327456370153,-945.1198695227147
12,,-3.5,0.0,0.0,42,True,0.0,,110.79787678454727,1437.4154590354724,3151.210407245814
13,,-4.333333333333333,0.0,0.0,42,True,0.0,-3.5,-14.099949433482834,1498.344512460974,633.1245787047476
14,0.0,-1.75,0.0,0.0,42,False,0.0,-3.0,9.094232702229874,1559.4112102228967,1519.819586321693
15,-13.5,2.9,0.0,2.0,42,True,0.0,3.5,14.099949433482834,1484.2445630274913,104.95676828051677
16,32.5,18.5,4.0,0.0,42,False,0.0,-2.0,18.344448253885275,1498.344512460974,-991.4799467736286
17,12.0,4.3,1.0,0.0,42,True,0.0,-5.5,138.55106571646388,1385.8159072968997,140.84226974023238
18,,9.75,0.0,0.0,42,False,0.0,1.5,-106.35152491401072,1539.7648718782525,-1374.1818698609284
19,-8.5,-1.5,0.0,1.0,42,False,0.0,,54.48389804721637,1489.8828815160066,2906.7040444121967
20,-24.0,4.0,0.0,1.0,42,True,0.0,-12.0,125.18456859230105,1521.8632803540531,2133.3084904183415
21,,1.25,0.0,0.0,42,False,0.0,,46.391569172248865,1449.3940487847221,-224.15852011807016
22,,-12.833333333333334,0.0,0.0,42,False,0.0,12.0,-94.97273077850082,1544.366779563223,-1075.336472030945
23,-1.5,4.333333333333333,0.0,1.0,42,False,1.0,-1.5,109.88764301337733,1385.8159072968997,-261.9784204523512
24,-24.5,-13.375,0.0,4.0,42,True,0.0,-5.0,-110.79787678454727,1548.2133358200197,-2961.9801339330465
25,2.0,12.7,5.0,0.0,42,False,0.0,2.0,50.92967582413462,1489.4176858863623,229.02096185973926
26,,-2.25,0.0,0.0,42,False,1.0,3.0,-93.36388462845889,1568.5054429251265,-531.2002004900453
27,8.5,-4.8,1.0,0.0,42,True,0.0,12.0,-61.74796418661731,1486.5899467477448,-3701.8153659492054
28,,5.5,0.0,0.0,42,False,0.0,,21.90198654350752,1448.0304478476426,971.6010885197693
29,8.0,-4.333333333333333,2.0,0.0,42,False,1.0,,-100.77403945084507,1486.5899467477448,-1283.3348447853768
0,-7.5,-7.5,0.0,1.0,43,True,0.0,6.0,-69.32980588777468,1542.7019672720978,-253.5848627038478
1,-16.0,-15.166666666666666,0.0,1.0,43,False,1.0,-14.5,60.067080897935966,1473.3721613843231,1748.1008421144243
2,23.0,2.125,1.0,0.0,43,False,1.0,13.5,-4.618892373578774,1426.8861280761787,-3856.3423049468056
3,,1.25,0.0,0.0,43,True,1.0,-5.0,26.618624402014802,1426.8861280761787,-387.76565838992855
4,-7.5,0.9,0.0,2.0,43,True,1.0,-6.0,49.20845270793188,1439.7389765602352,-615.380570197926
5,-28.0,-13.5,0.0,1.0,43,False,0.0,3.5,-22.443383656735477,1632.5036655633219,1017.6494292538398
6,12.5,2.3333333333333335,2.0,0.0,43,False,0.0,1.0,-96.09620182623644,1632.5036655633219,2290.578283203869
7,-17.5,4.75,0.0,1.0,43,False,0.0,-2.0,0.11694003021443677,1561.6369079664494,-313.82796889039105
8,,0.625,0.0,0.0,43,True,1.0,,-35.049738049269536,1532.6290531329041,239.04701619306084
9,13.5,0.625,1.0,0.0,43,True,1.0,6.0,99.7342966809174,1386.3357786818635,-1748.1008421144243
10,-13.5,-8.0,0.0,1.0,43,True,0.0,3.0,64.05759288281479,1497.5793150836346,81.87849965887273
11,-2.0,6.8,0.0,1.0,43,False,0.0,,-77.43122877368228,1610.0602819065864,135.569570435513
12,,-3.5,0.0,0.0,43,True,1.0,-13.5,66.53314541141799,1492.2095213678954,2470.14259513702
13,-2.5,-9.833333333333334,0.0,1.0,43,False,0.0,-5.0,69.94228566529546,1422.2672357026,-3856.3423049468056
14,11.0,1.375,1.0,0.0,43,False,0.0,-2.5,115.9098766735483,1463.868562274123,2048.9317654348724
15,-16.5,-1.9,0.0,3.0,43,True,1.0,5.0,-80.07698189681741,1561.7538479966638,1013.9854792639638
16,-12.0,12.4,0.0,1.0,43,False,0.0,-6.0,-25.386059703326282,1558.7426667793134,1318.8891123398198
17,-6.5,3.8,0.0,1.0,43,False,0.0,-6.0,39.65519641514334,1486.070075362781,-946.4535516498939
18,7.5,11.25,1.0,0.0,43,True,1.0,-1.0,-49.20845270793188,1488.947429268167,-3856.3423049468056
19,,-0.875,0.0,0.0,43,True,0.0,-6.0,91.64310619625053,1451.0588610758473,946.4535516498939
20,14.0,2.0,1.0,0.0,43,True,0.0,-3.5,210.23642986072196,1422.2672357026,3856.3423049468056
21,,6.5,0.0,0.0,43,False,0.0,6.0,-36.79332498249323,1533.356607075987,-3354.438815157459
22,-1.0,-9.875,0.0,1.0,43,False,1.0,6.0,-81.57019205705683,1532.6290531329041,-1918.3341089684334
23,2.5,3.875,1.0,0.0,43,False,0.0,,-3.7226196465062458,1497.5793150836346,-1581.42357602017
24,-27.0,-16.1,0.0,5.0,43,True,1.0,,-134.75077989027068,1561.6369079664494,-1052.2435216995223
25,-13.0,9.6,0.0,1.0,43,True,0.0,-3.0,7.4610112527050205,1533.356607075987,-517.4668798291317
26,-18.0,-6.25,0.0,1.0,43,False,0.0,2.5,-17.808303825723442,1481.6768660998464,-553.5636931610269
27,25.0,4.7,2.0,0.0,43,False,0.0,14.5,-101.9841785231747,1533.439242282259,-2318.653299832737
28,,,0.0,0.0,43,False,0.0,5.0,24.719153200363962,1439.7389765602352,718.5161883637593
29,,6.25,0.0,0.0,43,False,0.0,,-154.48183964682858,1540.817618328692,-1933.1202678546033
0,-4.0,-5.75,0.0,2.0,44,True,1.0,,-13.479237521702771,1494.1410045470614,1665.4461872687784
1,25.5,-5.0,1.0,0.0,44,False,0.0,-14.5,27.19831103787942,1489.5972296995485,3954.9440787067133
2,-45.5,-7.75,0.0,1.0,44,False,0.0,11.0,-146.25727965048122,1564.7084796577697,-1201.4378969531042
3,26.0,9.5,1.0,0.0,44,True,0.0,4.5,-3.5318955544817072,1451.2381179545773,-758.6399469194058
4,-22.0,-4.6,0.0,3.0,44,True,0.0,-4.5,0.17200346509935116,1480.6617670253586,355.40601186783397
5,10.5,-5.5,1.0,0.0,44,True,1.0,-5.5,90.31654116868253,1522.1981174411567,1851.7013716955075
6,-4.0,0.75,0.0,1.0,44,True,0.0,7.5,101.42757443794835,1447.7062224000956,635.9404131943784
7,18.0,7.4,1.0,0.0,44,False,1.0,-2.5,75.3524112482753,1494.9526148674167,238.7189375599791
8,,-2.3333333333333335,0.0,0.0,44,False,0.0,2.0,-3.1540014266402068,1497.2950059737016,-1405.8527372587837
9,-34.0,-7.875,0.0,1.0,44,False,0.0,-13.5,-27.19831103787942,1516.795540737428,-577.8867775244923
10,4.0,-4.75,1.0,0.0,44,False,0.0,,-44.7433408036884,1612.5146586098392,-6.655918608279649
11,,7.0,0.0,0.0,44,True,0.0,-7.5,42.74915353342976,1494.1410045470614,1253.3269248551157
12,-26.5,-6.5,0.0,1.0,44,True,0.0,,83.87470916731172,1480.833770490458,-3954.9440787067133
13,-19.0,-16.333333333333332,0.0,2.0,44,True,0.0,-11.0,-76.46647135770354,1564.7084796577697,3057.8474635636658
14,25.5,6.2,2.0,0.0,44,True,0.0,-2.5,131.91530028275542,1450.5928135065526,643.7951611473984
15,26.0,1.8,1.0,0.0,44,True,0.0,2.5,44.35980136086414,1450.5928135065526,3738.6270970063433
16,9.0,9.8,1.0,0.0,44,False,1.0,-11.0,92.0037396726334,1452.958988366257,2155.1300798340053
17,11.0,5.1,1.0,0.0,44,True,1.0,5.5,-19.05321578251028,1541.251333223667,-497.4940947010243
18,2.0,8.166666666666666,2.0,0.0,44,True,0.0,-11.0,-97.89567888346664,1549.133796838044,-679.3187889785597
19,-23.0,-7.5,0.0,1.0,44,True,0.0,-4.5,19.05321578251028,1522.1981174411567,876.9589503614767
20,5.5,2.875,2.0,0.0,44,True,1.0,-7.5,183.36071289237634,1452.958988366257,2347.149760534887
21,-21.0,-7.0,0.0,1.0,44,True,1.0,14.5,-35.633784184381966,1516.795540737428,-238.7189375599791
22,-8.0,-9.0,0.0,2.0,44,False,0.0,7.5,-98.16497191063013,1544.9627280388904,-2577.786887410226
23,,1.3333333333333333,0.0,0.0,44,False,0.0,-2.0,-115.21965263613765,1612.5146586098392,1146.4251972123411
24,,-20.0,0.0,0.0,44,False,0.0,,-60.08205225398069,1480.833770490458,-3738.6270970063433
25,2.0,4.5,1.0,0.0,44,True,0.0,,-21.49349738586716,1567.7713178061508,2092.20748385307
26,32.5,6.25,1.0,0.0,44,True,0.0,2.5,-86.29734457393852,1536.8901580804911,-76.07516364386476
27,-3.5,5.4,0.0,1.0,44,True,0.0,11.0,-96.86396273497485,1544.9627280388904,-2770.0115342109616
28,1.0,1.0,1.0,0.0,44,False,0.0,11.0,1.720870411679698,1451.2381179545773,-3713.799187470562
29,,6.25,0.0,0.0,44,False,0.0,13.5,-107.36643170979414,1488.2420083000661,-3954.9440787067133
0,,-5.75,0.0,0.0,45,True,0.0,,50.651283330566685,1441.7325648558501,1224.939073530523
1,-10.5,-6.5,0.0,1.0,45,False,1.0,,-38.42828978402099,1569.9620794741782,2722.861542503321
2,10.0,-4.25,1.0,0.0,45,False,0.0,17.5,-91.61379835107027,1496.5324905026814,-4004.882300397881
3,-0.5,7.333333333333333,0.0,1.0,45,True,0.0,5.0,-38.04900830955921,1496.5324905026814,-59.68802920672374
4,-6.5,-3.3,0.0,4.0,45,False,0.0,-6.5,9.815106202939205,1458.4834821931222,886.8187003939445
5,20.5,1.0,2.0,0.0,45,False,0.0,-8.5,133.44491687860727,1488.1823738524668,57.040873460428315
6,6.5,3.875,1.0,0.0,45,False,1.0,-5.0,4.330106871659382,1535.822718562237,-2766.9073613069436
7,10.5,4.6,2.0,0.0,45,True,0.0,,112.74325502739771,1466.4235076003167,4004.882300397881
8,13.0,5.166666666666667,1.0,0.0,45,False,0.0,7.5,-73.67166536459558,1562.3251208372599,874.4151687761648
9,-19.5,-8.0,0.0,2.0,45,True,1.0,,-81.13330331374641,1551.7240173891746,1311.927576599278
10,,-4.75,0.0,0.0,45,False,0.0,-7.5,-59.30216989381415,1621.627290731074,-1308.095974826765
11,5.5,7.125,1.0,0.0,45,True,0.0,,69.8184873162104,1442.9518412950902,569.1978865416418
12,,-26.5,0.0,0.0,45,True,1.0,-4.0,38.42828978402099,1531.5337896901572,4004.882300397881
13,12.0,-9.25,1.0,0.0,45,True,0.0,4.0,123.94739611502473,1372.5850943876567,-2722.861542503321
14,-0.5,7.9,0.0,1.0,45,True,0.0,,55.558490350187185,1535.822718562237,3155.624955188531
15,-6.5,-5.1,0.0,1.0,45,False,0.0,,73.1228176340203,1433.2869003308738,564.5308655889951
16,-24.0,2.6,0.0,1.0,45,False,0.0,-12.0,118.0420281560821,1433.2869003308738,887.5753101105862
17,-1.5,2.3,0.0,1.0,45,False,1.0,,-85.80457216883701,1621.627290731074,-754.5606827061356
18,2.0,6.625,3.0,0.0,45,True,0.0,,4.8792165203130935,1449.6589449002606,278.1782034621718
19,4.5,2.75,1.0,0.0,45,False,0.0,,35.24288391616983,1492.3838481864168,2463.1554589143343
20,-13.5,-0.4,0.0,1.0,45,False,0.0,-17.5,91.55047153867349,1540.1528254338964,4004.882300397881
21,1.5,-5.333333333333333,1.0,0.0,45,False,0.0,,-112.74325502739771,1579.1667626277144,2257.649745130017
22,-27.5,-14.875,0.0,3.0,45,True,0.0,12.0,-136.21492133262427,1579.1667626277144,-4004.882300397881
23,22.0,7.666666666666667,1.0,0.0,45,True,0.0,8.5,83.26368170085561,1404.9186921516111,2451.0063225326594
24,,-21.833333333333332,0.0,0.0,45,False,0.0,6.5,-73.1228176340203,1506.409717964894,-3023.1868584765716
25,,5.0,0.0,0.0,45,True,0.0,-16.5,179.13892300151792,1372.5850943876567,373.18892534063116
26,-35.5,-7.875,0.0,1.0,45,True,0.0,,-38.05768563555739,1512.7703286113006,-1800.1910257106997
27,27.0,10.8,1.0,0.0,45,False,0.0,,-24.69094274446661,1466.4235076003167,-1224.939073530523
28,2.0,1.5,2.0,0.0,45,False,0.0,,-182.04435207230927,1631.70329697257,-3672.403250347173
29,-3.5,3.0,0.0,1.0,45,False,0.0,16.5,-197.37698508652147,1569.9620794741782,-2451.0063225326594
0,,-5.75,0.0,0.0,46,False,0.0,,32.673033164328444,1455.145488818815,-879.060232342767
1,,-0.3333333333333333,0.0,0.0,46,False,1.0,,33.562882534785786,1503.7958381928704,1227.3403794789392
2,-8.5,-5.25,0.0,1.0,46,True,0.0,,-232.53085838679385,1627.15667976384,-2431.275794982928
3,-16.0,1.5,0.0,2.0,46,True,0.0,,66.13311786162899,1394.6258213770461,-2042.9313799169631
4,-17.5,-11.1,0.0,5.0,46,False,1.0,6.0,15.087603806409788,1450.9355275440987,-2712.05264537778
5,-9.5,-1.1,0.0,1.0,46,False,0.0,,51.75487344391058,1569.5634174257596,4050.4221508727987
6,1.0,3.3,2.0,0.0,46,True,1.0,,-76.08517895467253,1627.15667976384,-1227.3403794789392
7,,6.625,0.0,0.0,46,True,0.0,,157.81816324017336,1432.1502203413156,873.1883132900616
8,17.5,10.0,2.0,0.0,46,False,0.0,,14.274809996281192,1487.8185219831435,181.39822513667306
9,,-13.333333333333334,0.0,0.0,46,True,0.0,,5.335364965432063,1466.0231313505085,3217.5201686932296
10,-5.5,-5.0,0.0,1.0,46,False,1.0,,32.20469669810336,1537.3587207276562,1697.3758071698765
11,,9.166666666666666,0.0,0.0,46,False,0.0,,73.75954990118635,1456.8617108429287,299.7097368411694
12,13.0,-6.75,1.0,0.0,46,True,0.0,-6.0,197.3264408838204,1372.6103664890072,561.0795003215101
13,25.0,3.875,2.0,0.0,46,False,0.0,-14.5,-33.562882534785786,1537.3587207276562,-3217.5201686932296
14,,9.0,0.0,0.0,46,True,0.0,,128.41444063524,1460.758939238675,4050.4221508727987
15,,-2.625,0.0,0.0,46,False,1.0,,-39.23994886025639,1533.680301273731,3197.287138951572
16,-38.0,-6.5,0.0,2.0,46,True,0.0,,76.81859043080226,1456.8617108429287,-2697.649518593739
17,,3.75,0.0,0.0,46,False,0.0,,-53.041661450274205,1589.173379873915,-595.118797372312
18,,3.8333333333333335,0.0,0.0,46,False,0.0,-10.5,9.79005525603111,1454.2055621089905,-4050.4221508727987
19,,-9.0,0.0,0.0,46,True,0.0,,137.56623692881385,1394.6258213770461,-6.6168999031386875
20,-7.5,-5.1,0.0,2.0,46,False,0.0,,176.22115221974127,1450.9355275440987,4050.4221508727987
21,,-9.75,0.0,0.0,46,True,0.0,,-2.134905181463182,1455.145488818815,2349.0798959245953
22,15.0,-5.375,1.0,0.0,46,False,1.0,,-189.16807052835452,1621.3182908696701,-225.11243158744202
23,18.5,10.375,2.0,0.0,46,True,0.0,,125.86487813802455,1372.6103664890072,-2240.425530076197
24,28.5,-7.666666666666667,1.0,0.0,46,False,1.0,,-2.0750560932531243,1453.0105836373518,551.8520457541458
25,-10.5,-4.875,0.0,1.0,46,False,1.0,,84.46202138555464,1471.3584963159406,-873.1883132900616
26,,-7.0,0.0,0.0,46,True,0.0,,-113.07509652989893,1569.9368073728276,-699.3475270289881
27,,14.25,0.0,0.0,46,False,0.0,,-32.673033164328444,1487.8185219831435,124.3027830357268
28,,1.5,0.0,0.0,46,True,0.0,10.5,-134.96781776492458,1589.173379873915,-2194.878278221743
29,6.5,3.6666666666666665,1.0,0.0,46,False,0.0,14.5,-125.86487813802455,1498.4752446270318,-4050.4221508727987
0,,-5.75,0.0,0.0,47,True,1.0,-4.0,-57.082139433268594,1538.169870177926,-2182.4966423560036
1,,-0.3333333333333333,0.0,0.0,47,True,0.0,-11.5,-23.002491331497822,1560.9818504286955,920.6923315680338
2,,-5.25,0.0,0.0,47,True,1.0,12.5,-125.85772492196293,1526.3378023024345,-1478.6242337354129
3,,3.1666666666666665,0.0,0.0,47,True,1.0,12.0,-111.38150767572529,1571.5092105874774,-1269.8409800071645
4,19.0,-6.9,1.0,0.0,47,False,0.0,,-121.49183721563327,1571.5092105874774,-1954.1522159985807
5,,-1.625,0.0,0.0,47,True,1.0,-2.0,160.55854765255185,1446.454981779217,-365.24787645964705
6,,4.0,0.0,0.0,47,True,0.0,4.5,23.002491331497822,1537.9793590971976,4092.4259568878456
7,,3.6666666666666665,0.0,0.0,47,False,1.0,-7.5,44.68080432157467,1554.835376931156,-259.4606717144946
8,,15.25,0.0,0.0,47,False,0.0,4.0,70.95928760926972,1437.864835608641,-1677.8277356594172
9,,-13.333333333333334,0.0,0.0,47,True,0.0,7.0,-48.26828454661836,1520.6119216328982,4092.4259568878456
10,,-5.0,0.0,0.0,47,False,0.0,2.0,87.85504831156072,1481.0877307446574,1070.59691479995
11,,1.75,0.0,0.0,47,True,0.0,-3.0,52.0337548112218,1455.289307628279,339.6504608374947
12,4.0,-3.1666666666666665,2.0,0.0,47,False,0.0,11.5,59.84277558330746,1511.66643500417,2775.8218426437284
13,-4.5,2.2,0.0,1.0,47,False,0.0,,48.26828454661836,1472.3436370862798,990.569955498589
14,,12.0,0.0,0.0,47,True,1.0,-12.0,128.79415302157304,1466.500694158236,4092.4259568878456
15,,1.0,0.0,0.0,47,True,0.0,,78.72574816084034,1400.4800773804716,1214.42507918337
16,,-16.25,0.0,0.0,47,False,1.0,,-83.62841217563914,1595.294847179809,-4031.6924074327644
17,,1.0,0.0,0.0,47,True,0.0,-4.5,-22.811980250769466,1560.9818504286955,259.4606717144946
18,-23.5,-3.0,0.0,1.0,47,False,1.0,,-128.79415302157304,1595.294847179809,-498.6083729042796
19,,-9.25,0.0,0.0,47,True,0.0,,-28.497574628721395,1554.835376931156,-1052.0014937282162
20,,-0.375,0.0,0.0,47,True,0.0,-16.5,151.30299304727487,1472.3436370862798,2398.4419548035094
21,,-9.75,0.0,0.0,47,True,0.0,,-28.216439964168558,1466.0812755728095,-268.10445486977835
22,,-5.375,0.0,0.0,47,True,0.0,,-3.5623915926271366,1450.017373371844,-1413.4539487693592
23,,14.333333333333334,0.0,0.0,47,True,0.0,-12.5,-73.650709746845,1571.5092105874774,-913.3094855188683
24,,0.75,0.0,0.0,47,True,1.0,,5.953572661057478,1460.127702911752,-4092.4259568878456
25,,-7.166666666666667,0.0,0.0,47,False,0.0,7.5,-44.68080432157467,1599.5161812527306,-1459.2513243305762
26,,-7.0,0.0,0.0,47,True,1.0,3.0,-56.37712737589095,1511.66643500417,-854.1070109941214
27,,16.166666666666668,0.0,0.0,47,True,0.0,,-14.37951451154936,1481.0877307446574,2806.5863179031517
28,-4.5,-0.5,0.0,1.0,47,False,1.0,16.5,-63.58234020107329,1511.66643500417,-4092.4259568878456
29,-7.5,-1.5,0.0,1.0,47,True,0.0,,-187.75474015328882,1560.9818504286955,-3821.1369879678177
0,-8.0,-6.0,0.0,1.0,48,False,0.0,,-89.20052766501362,1558.281646856634,-2927.1250179253275
1,-13.5,0.5,0.0,1.0,48,True,0.0,-7.5,-9.367411018838538,1558.281646856634,1817.7129066517018
2,-11.5,-13.875,0.0,1.0,48,True,0.0,9.0,-82.13066961582649,1501.0888347993882,-3195.2071793138384
3,9.0,4.625,1.0,0.0,48,True,0.0,-4.5,-127.94981952871422,1581.6258875723752,1279.5811382767185
4,,-6.75,0.0,0.0,48,True,0.0,,-39.2503374010023,1491.1219815604838,-415.5009822307808
5,-6.0,3.875,0.0,1.0,48,True,0.0,-10.5,30.587356320914296,1558.281646856634,1837.5128185652266
6,26.5,7.5,1.0,0.0,48,False,0.0,7.5,169.32967003520093,1383.4021768712985,4132.63802043705
7,-36.5,-2.6666666666666665,0.0,1.0,48,False,0.0,-2.0,50.3858026416533,1531.2400849307219,985.6514846063021
8,-15.0,5.166666666666667,0.0,1.0,48,False,0.0,,-92.11475964778242,1588.8690031775484,-523.0552304896203
9,18.0,-11.833333333333334,1.0,0.0,48,True,1.0,2.0,46.171182853071514,1444.9507987074123,-4132.63802043705
10,1.0,-0.16666666666666666,1.0,0.0,48,True,0.0,,-30.413314228402896,1588.694961085037,2532.451243867515
11,11.0,8.25,1.0,0.0,48,True,0.0,-2.0,22.449255347612507,1496.754243529766,1022.8490868468681
12,9.5,0.0,3.0,0.0,48,False,0.0,-3.0,55.66532310470848,1501.0888347993882,2049.3703094356906
13,,3.375,0.0,0.0,48,False,1.0,-2.0,67.96825408164455,1453.676068043661,921.289423173008
14,10.0,11.666666666666666,1.0,0.0,48,False,0.0,-11.0,143.74416237762466,1444.9507987074123,-1071.8690551802147
15,,9.75,0.0,0.0,48,True,0.0,-9.0,38.212787189764185,1451.7824043542075,-1597.6390647348735
16,,-17.666666666666668,0.0,0.0,48,False,0.0,3.0,-84.97205200096414,1603.6188348474611,1202.9451027221808
17,24.5,11.333333333333334,1.0,0.0,48,True,0.0,2.0,-50.3858026416533,1581.6258875723752,1134.8515298740933
18,,-6.5,0.0,0.0,48,False,0.0,11.0,5.412245037915682,1453.676068043661,-2998.9477602895904
19,,-9.25,0.0,0.0,48,True,0.0,,-47.733332390823534,1588.694961085037,3222.711168942573
20,17.5,0.5,1.0,0.0,48,True,0.0,,74.67068107521777,1528.9481537722434,4132.63802043705
21,,-9.75,0.0,0.0,48,False,0.0,,-44.97183917555844,1496.754243529766,-1050.109147607063
22,,-6.833333333333333,0.0,0.0,48,True,1.0,10.5,-64.10240392621131,1521.6443221253055,-2718.9955686374697
23,-20.5,6.666666666666667,0.0,1.0,48,False,0.0,-14.0,-30.151250131333654,1531.2400849307219,-728.0881520693523
24,,28.5,0.0,0.0,48,True,0.0,4.5,-136.70928697704767,1603.6188348474611,-982.0393821657344
25,-15.5,-8.0,0.0,1.0,48,False,0.0,,-12.0134749219701,1540.9616286942135,2663.455881819502
26,1.0,-0.6666666666666666,1.0,0.0,48,False,0.0,2.0,-13.430230891888641,1489.9951915439717,-2189.0302211370727
27,,11.75,0.0,0.0,48,False,0.0,,17.36215009165312,1459.0883130815766,4132.63802043705
28,5.5,1.0,1.0,0.0,48,True,0.0,,-46.171182853071514,1491.1219815604838,-1342.2177559177603
29,,-1.5,0.0,0.0,48,True,1.0,14.0,-93.04828630193128,1476.4504631732298,-4059.053370728229
0,,-8.0,0.0,0.0,49,False,1.0,10.5,-122.708894252439,1593.6891303883044,-1033.3646166907247
1,14.5,-3.1666666666666665,1.0,0.0,49,False,0.0,-6.5,105.52507756960927,1442.755349765511,2155.3627461531096
2,0.0,-2.5,0.0,0.0,49,True,0.0,12.0,-78.39518152217852,1490.4421036486422,-2877.8722460172457
3,-14.5,-5.5,0.0,1.0,49,True,0.0,5.0,89.36613012039697,1376.9630293603564,-1527.843135941403
4,,-1.6666666666666667,0.0,0.0,49,True,0.0,9.5,-24.67358050019766,1467.4289302657087,-545.9734987473865
5,8.5,3.375,1.0,0.0,49,False,0.0,-11.0,103.16275432680436,1490.5263760615,1927.7215213194063
6,8.5,10.625,2.0,0.0,49,False,0.0,-12.5,100.27322630855087,1455.226202947488,1127.750630947274
7,-10.0,-12.0,0.0,2.0,49,False,0.0,-9.5,124.61054374986361,1442.755349765511,-3368.5114175859035
8,,5.166666666666667,0.0,0.0,49,True,0.0,11.0,-34.612766563444666,1525.1391426249447,-1127.750630947274
9,9.0,2.5,2.0,0.0,49,True,0.0,,-108.1480114828887,1602.7733227119468,411.61610949255595
10,,-2.25,0.0,0.0,49,False,0.0,6.5,147.09860725387557,1412.0469221264636,1250.4595195662387
11,3.0,6.5,2.0,0.0,49,False,0.0,,54.1589064890793,1470.9802361358654,1531.6025927121639
12,9.0,8.875,4.0,0.0,49,False,0.0,-1.5,77.02924897904131,1476.1180485474126,2629.1013811241173
13,-16.0,4.125,0.0,1.0,49,False,0.0,-5.0,44.32837979298233,1467.4289302657087,4173.479259939861
14,-48.0,-12.833333333333334,0.0,1.0,49,True,0.0,3.0,22.285391143643665,1550.7284000230065,-1713.356043361834
15,-29.0,-17.75,0.0,1.0,49,False,0.0,1.0,-103.24702673966226,1593.6891303883044,876.6496651436482
16,13.0,-16.333333333333332,1.0,0.0,49,False,0.0,-9.5,44.19876070011219,1466.3291594807533,1459.1688521564465
17,10.0,11.0,2.0,0.0,49,False,0.0,-10.5,63.04313479221764,1470.9802361358654,1173.021077743734
18,2.0,-6.5,1.0,0.0,49,True,0.0,-2.0,-27.663407736683894,1482.8896106841719,-3872.133792110974
19,,4.5,0.0,0.0,49,True,0.0,-3.0,-16.637493492368094,1567.3658935153746,2608.2547081156445
20,,-1.1666666666666667,0.0,0.0,49,True,0.0,,92.24540253108125,1510.5279201808655,4173.479259939861
21,,1.5,0.0,0.0,49,False,0.0,-1.0,-32.43183182616872,1490.4421036486422,1086.4805984434015
22,23.5,3.6666666666666665,1.0,0.0,49,True,0.0,,-51.75245217774159,1519.1813824434503,-4173.479259939861
23,11.0,7.75,1.0,0.0,49,False,1.0,1.5,3.680237572968963,1494.625311229058,1719.1378753219392
24,17.5,23.0,1.0,0.0,49,True,0.0,,-42.772860174937705,1510.5279201808655,-1086.4805984434015
25,,-13.0,0.0,0.0,49,False,0.0,-12.0,107.13446031698663,1412.0469221264636,2549.1647651275644
26,-17.0,-17.166666666666668,0.0,1.0,49,False,0.0,,-96.89574261923758,1573.0137911666502,762.6681659302063
27,,27.0,0.0,0.0,49,True,0.0,2.0,105.92658132381553,1376.9630293603564,736.4581280606938
28,,1.0,0.0,0.0,49,True,1.0,9.5,-92.80803001574895,1534.023370928083,-1877.630448179833
29,-24.0,-7.125,0.0,1.0,49,False,0.0,12.5,-134.79428069833466,1511.757310058691,-3900.5365559967404
0,5.5,-1.25,1.0,0.0,50,False,0.0,9.5,-65.2269772133784,1532.4027065910855,-1086.5944816396523
1,-4.5,-1.1666666666666667,0.0,1.0,50,False,1.0,-13.5,102.31291703946727,1454.684835268034,2196.532345962157
2,-2.0,-5.5,0.0,1.0,50,False,0.0,2.0,-135.8267707198729,1524.0793678003868,-304.29914858744723
3,-5.0,-6.625,0.0,2.0,50,True,0.0,-2.0,-24.131654570096316,1494.3139102006303,-535.7041362875264
4,17.5,6.333333333333333,1.0,0.0,50,False,0.0,13.5,-128.21159213293572,1571.9461059582825,-1447.954454155376
5,9.0,0.5,2.0,0.0,50,True,1.0,-9.5,123.5917133334649,1483.6811230677663,3199.007040637257
6,-27.5,2.125,0.0,1.0,50,False,1.0,-1.0,81.33309610811307,1479.2489486280988,-1252.194453258363
7,-19.5,-22.0,0.0,3.0,50,False,0.0,2.5,3.8655590307762395,1568.0805469275062,4238.262162530828
8,26.0,9.5,1.0,0.0,50,True,1.0,6.0,-81.33309610811307,1560.5820447362119,232.90338667639247
9,,13.5,0.0,0.0,50,True,0.0,9.5,-39.44917548796002,1516.5367232076185,1522.2179450146436
10,0.5,-1.3333333333333333,1.0,0.0,50,False,1.0,1.5,-20.834156233187514,1568.0805469275062,2301.3529257097125
11,,7.0,0.0,0.0,50,False,1.0,-6.0,105.0047434173207,1427.3979631737648,1021.4402808346696
12,6.5,8.4,5.0,0.0,50,False,1.0,-3.5,92.3813115669991,1470.182255630534,4238.262162530828
13,33.0,9.375,1.0,0.0,50,False,0.0,,169.79507658365128,1350.8631454135304,-1769.8611095127278
14,4.0,-11.333333333333334,1.0,0.0,50,False,0.0,-1.5,34.800865262773414,1547.2463906943187,3349.126266341619
15,3.0,-13.0,1.0,0.0,50,False,0.0,6.5,15.679340762614856,1468.0017823051514,686.1168144842806
16,-14.5,-13.166666666666666,0.0,1.0,50,True,1.0,,27.138180822923232,1467.175729377707,2282.9370154743738
17,-2.5,10.666666666666666,0.0,1.0,50,False,1.0,1.0,36.9365948388986,1516.5367232076185,1672.661903908694
18,-3.0,-8.166666666666666,0.0,1.0,50,True,0.0,1.0,-105.89720946817783,1560.5820447362119,-2017.8687595275255
19,-19.0,-19.0,0.0,1.0,50,True,0.0,-2.5,47.42232493032452,1520.6582219971817,-805.9321562757425
20,,5.0,0.0,0.0,50,True,0.0,-9.5,101.57414761859332,1516.5367232076185,4238.262162530828
21,-30.0,-30.0,0.0,1.0,50,False,1.0,,-48.80624757350938,1483.2589379883032,1780.7205175479041
22,,19.25,0.0,0.0,50,True,1.0,8.0,-87.63965289134535,1571.9461059582825,-2196.532345962157
23,-17.5,-2.125,0.0,1.0,50,False,0.0,-1.0,33.27778521931532,1483.2589379883032,1498.0134296667286
24,,23.0,0.0,0.0,50,True,0.0,,48.80624757350938,1434.4526904147938,-1498.0134296667286
25,-25.0,-17.0,0.0,1.0,50,False,0.0,-8.0,39.772914733449625,1484.3064530669371,-4238.262162530828
26,,-8.0,0.0,0.0,50,False,0.0,3.5,0.8260529274443797,1467.175729377707,535.7041362875264
27,-14.0,-14.0,0.0,1.0,50,True,1.0,-5.5,55.194163908144446,1443.7345138253468,-4238.262162530828
28,23.5,8.166666666666666,1.0,0.0,50,True,0.0,,-7.054727241029013,1434.4526904147938,-1564.556274139327
29,14.5,-2.625,1.0,0.0,50,False,0.0,5.5,-202.61017263298663,1553.473318046517,-1465.3997458735084
