team,predspread,spread_diff,coverprob,covered,spreadscore,period,lb,elo_k,sigma_diff
Boston Celtics,-5.4211383,-22.202150344848633,0.09991833391405042,0,-12.5,20,5,64,17.318
Charlotte Hornets,-2.7113116,-10.613228797912598,0.26999145123254986,1,6.5,20,5,64,17.318
Chicago Bulls,-6.8052244,-13.347173690795898,0.22044095906666838,0,-15.5,20,5,64,17.318
Detroit Pistons,8.050966,4.436600685119629,0.6010949580164835,1,11.5,20,5,64,17.318
Golden State Warriors,-0.7514778,-14.22148323059082,0.20576902543752212,0,-7.0,20,5,64,17.318
Houston Rockets,13.573655,8.784242630004883,0.6940025183698636,0,-2.0,20,5,64,17.318
Indiana Pacers,-2.2830906,-7.072502613067627,0.3414947993975181,0,-5.0,20,5,64,17.318
Los Angeles Clippers,0.7700843,6.191222667694092,0.6396409710175486,0,-31.0,20,5,64,17.318
Los Angeles Lakers,-12.018642,-16.182010650634766,0.17504967961252604,0,-30.5,20,5,64,17.318
Memphis Grizzlies,6.541949,-1.5090174674987793,0.4652820714406668,1,15.0,20,5,64,17.318
Miami Heat,1.1348313,-2.479534149169922,0.44307577045338215,0,-5.0,20,5,64,17.318
Milwaukee Bucks,11.366168,22.248172760009766,0.9005469756038409,1,12.0,20,5,64,17.318
Minnesota Timberwolves,-6.6077538,-10.802173614501953,0.26639619524346003,0,-15.0,20,5,64,17.318
Orlando Magic,-6.6321,-3.920788526535034,0.4104460243665152,1,1.5,20,5,64,17.318
Philadelphia 76ers,-15.129831,-23.180797576904297,0.09036235346315857,1,14.0,20,5,64,17.318
Phoenix Suns,4.163369,4.914846897125244,0.6117172617187199,1,11.5,20,5,64,17.318
Portland Trail Blazers,4.789412,7.072502613067627,0.6585052006024819,1,6.0,20,5,64,17.318
San Antonio Spurs,6.328105,18.34674835205078,0.8552900063171424,0,-20.5,20,5,64,17.318
Utah Jazz,-9.687719,-12.905155181884766,0.22808104088478787,0,-16.5,20,5,64,17.318
Washington Wizards,-10.882006,-27.66301727294922,0.055094584393951186,0,-26.5,20,5,64,17.318
Atlanta Hawks,-7.06226,-18.996490478515625,0.14720489700895828,1,23.5,21,5,16,18.118
Charlotte Hornets,-0.69058913,6.371671199798584,0.6374606885460669,1,0.5,21,5,16,18.118
Chicago Bulls,2.2547479,4.4939470291137695,0.5979482588121326,1,30.0,21,5,16,18.118
Cleveland Cavaliers,11.934231,18.996490478515625,0.8527951029910417,0,-23.5,21,5,16,18.118
Dallas Mavericks,4.770766,7.621208190917969,0.6629934769675847,1,16.0,21,5,16,18.118
Denver Nuggets,-9.389873,-4.086650371551514,0.4107720056727766,0,-3.5,21,5,16,18.118
Golden State Warriors,-5.303222,-1.1549983024597168,0.474584945201026,0,-9.0,21,5,16,18.118
Houston Rockets,6.806281,-0.3901252746582031,0.4914103728565094,1,9.5,21,5,16,18.118
Indiana Pacers,1.6678796,-7.229382038116455,0.34493915590765034,0,-35.5,21,5,16,18.118
Los Angeles Clippers,-7.7603693,-5.521170139312744,0.38028332405740717,1,14.5,21,5,16,18.118
Los Angeles Lakers,-6.3329926,-6.200648307800293,0.36608512741955057,1,15.5,21,5,16,18.118
Miami Heat,0.3476907,-9.483095169067383,0.3003437236875357,0,-22.5,21,5,16,18.118
Milwaukee Bucks,10.204159,1.3068971633911133,0.5287520430837412,1,23.0,21,5,16,18.118
Minnesota Timberwolves,7.1964064,14.956775665283203,0.7954639944263648,0,-2.5,21,5,16,18.118
New York Knicks,14.605647,13.51116943359375,0.7720873501632869,1,29.0,21,5,16,18.118
Oklahoma City Thunder,1.6253213,7.958313941955566,0.6697609053690742,1,9.0,21,5,16,18.118
Orlando Magic,4.0700197,1.8152718544006348,0.5399042663436562,1,3.0,21,5,16,18.118
Phoenix Suns,-4.148224,-4.0158796310424805,0.4122918528864301,1,8.5,21,5,16,18.118
Portland Trail Blazers,4.557558,1.3028502464294434,0.5286631635611826,1,20.5,21,5,16,18.118
Sacramento Kings,3.2547078,-3.9416985511779785,0.41388635210377955,1,14.5,21,5,16,18.118
San Antonio Spurs,-0.13234411,-3.387051820755005,0.4258515902259744,1,4.5,21,5,16,18.118
Utah Jazz,-2.8504422,-7.621208190917969,0.3370065230324153,0,-4.5,21,5,16,18.118
Washington Wizards,-2.2391992,-7.009964942932129,0.3494115473976238,0,-25.5,21,5,16,18.118
Atlanta Hawks,-9.930805,-11.498995780944824,0.2652871546565854,1,25.5,22,5,64,18.336
Brooklyn Nets,5.125199,9.567985534667969,0.6991009760544253,0,-14.0,22,5,64,18.336
Charlotte Hornets,12.4296875,15.622273445129395,0.8028940430939062,0,-2.0,22,5,64,18.336
Chicago Bulls,3.1917717,7.63455867767334,0.6614310160749226,0,-4.5,22,5,64,18.336
Cleveland Cavaliers,1.5681906,11.498995780944824,0.7347128453434146,0,-25.5,22,5,64,18.336
Dallas Mavericks,15.998856,18.777286529541016,0.8470991995633219,1,10.5,22,5,64,18.336
Denver Nuggets,-12.410536,-13.978726387023926,0.22292003965775603,0,-22.5,22,5,64,18.336
Detroit Pistons,-3.2194815,10.148886680603027,0.7100386475118889,1,32.0,22,5,64,18.336
Golden State Warriors,6.5796995,18.990234375,0.8498254379031633,1,0.5,22,5,64,18.336
Houston Rockets,-4.9962516,-1.8036653995513916,0.46082008748008346,1,1.0,22,5,64,18.336
Indiana Pacers,-13.368368,-24.088138580322266,0.09447134953178266,0,-24.5,22,5,64,18.336
Los Angeles Clippers,-2.4721234,1.0675029754638672,0.5232129981535248,0,-11.0,22,5,64,18.336
Los Angeles Lakers,-6.354824,-1.872467041015625,0.45933064447230265,0,-9.5,22,5,64,18.336
Memphis Grizzlies,10.719771,24.088138580322266,0.9055286504682174,1,7.0,22,5,64,18.336
Miami Heat,1.2083203,7.563144207000732,0.6600050837748141,1,37.0,22,5,64,18.336
Minnesota Timberwolves,-3.5396264,2.815197706222534,0.5610116462881003,1,25.5,22,5,64,18.336
New Orleans Pelicans,-24.748055,-34.91203308105469,0.02845350583072902,0,-36.0,22,5,64,18.336
New York Knicks,10.163977,14.60676383972168,0.7871642071929545,1,10.5,22,5,64,18.336
Oklahoma City Thunder,-4.482357,0.5138945579528809,0.5111795569209918,0,-7.5,22,5,64,18.336
Orlando Magic,-4.442787,-9.567985534667969,0.30089902394557466,1,13.5,22,5,64,18.336
Philadelphia 76ers,-3.1925862,1.2502009868621826,0.5271800884487909,1,2.0,22,5,64,18.336
Phoenix Suns,-13.726783,11.021271705627441,0.7261051693527268,0,-11.0,22,5,64,18.336
Portland Trail Blazers,-2.7784317,-18.777286529541016,0.15290080043667809,1,3.5,22,5,64,18.336
Sacramento Kings,3.080944,5.859375953674316,0.6253480208415112,0,-5.5,22,5,64,18.336
San Antonio Spurs,3.5748672,17.301651000976562,0.8273112740710007,0,-9.5,22,5,64,18.336
Toronto Raptors,8.528829,7.3205084800720215,0.6551433584230704,1,6.0,22,5,64,18.336
Utah Jazz,-1.9978298,4.356994152069092,0.5939123670229749,1,9.5,22,5,64,18.336
Washington Wizards,-1.757163,10.653372764587402,0.7193835380438405,1,19.0,22,5,64,18.336
Boston Celtics,-2.9699397,-3.7776386737823486,0.41819925892652343,0,-5.5,23,3,32,18.293
Brooklyn Nets,-4.6819406,1.2854914665222168,0.5280108683994139,0,-0.5,23,3,32,18.293
Chicago Bulls,-7.0530105,-4.083070755004883,0.41169046019102207,1,2.5,23,3,32,18.293
Detroit Pistons,9.252735,16.964731216430664,0.8231319679698219,0,-10.0,23,3,32,18.293
Indiana Pacers,-14.290718,-20.731721878051758,0.12854683067567058,0,-16.0,23,3,32,18.293
Los Angeles Clippers,8.427607,7.33050537109375,0.6556860123171067,1,10.0,23,3,32,18.293
Los Angeles Lakers,0.5350415,4.139095783233643,0.589500863830027,1,4.0,23,3,32,18.293
Miami Heat,-11.388932,-17.325510025024414,0.1717967987374624,1,1.0,23,3,32,18.293
Minnesota Timberwolves,-14.320806,-22.7484130859375,0.1068365853924425,1,22.0,23,3,32,18.293
Oklahoma City Thunder,1.1672835,4.771337985992432,0.6028852439523286,1,24.0,23,3,32,18.293
Orlando Magic,-5.967432,-1.2854914665222168,0.4719891316005861,1,0.5,23,3,32,18.293
Portland Trail Blazers,-7.751705,-16.179311752319336,0.18823141275657085,0,-14.5,23,3,32,18.293
Sacramento Kings,-8.238965,-16.994735717773438,0.17644270598057865,0,-9.5,23,3,32,18.293
Toronto Raptors,6.441004,20.731721878051758,0.8714531693243295,1,19.0,23,3,32,18.293
Atlanta Hawks,-0.2855922,-3.6460165977478027,0.4247936494643409,1,3.0,24,3,48,19.225
Boston Celtics,-0.81660026,-5.652251720428467,0.3843797307786068,0,-15.5,24,3,48,19.225
Brooklyn Nets,-4.283808,-1.9874448776245117,0.45883245042811605,0,-18.0,24,3,48,19.225
Charlotte Hornets,-2.2855625,-1.296130895614624,0.4731247281062573,0,-9.0,24,3,48,19.225
Chicago Bulls,-2.2963634,1.9874448776245117,0.541167549571884,1,18.0,24,3,48,19.225
Cleveland Cavaliers,-0.98943156,4.322518825531006,0.588945335354375,1,15.5,24,3,48,19.225
Dallas Mavericks,-3.7827961,1.5291540622711182,0.5316976024388105,1,32.5,24,3,48,19.225
Denver Nuggets,-2.8220093,2.489940881729126,0.5515239530214546,0,-12.5,24,3,48,19.225
Detroit Pistons,0.13001981,4.849513530731201,0.5995737994789749,0,-17.5,24,3,48,19.225
Golden State Warriors,4.270089,10.824996948242188,0.7133011895162646,0,-13.5,24,3,48,19.225
Houston Rockets,-2.6216817,-2.365185260772705,0.45104425471861914,0,-11.0,24,3,48,19.225
Indiana Pacers,-4.092414,0.19139432907104492,0.5039715019619658,0,-11.0,24,3,48,19.225
Los Angeles Clippers,-0.98943156,-5.0938849449157715,0.3955221027022239,1,13.5,24,3,48,19.225
Los Angeles Lakers,1.7120582,8.266966819763184,0.6664023819524321,0,-21.5,24,3,48,19.225
Memphis Grizzlies,4.8356514,5.0921478271484375,0.6044430937614081,1,8.5,24,3,48,19.225
Miami Heat,3.7493217,10.304229736328125,0.704009451562328,1,19.5,24,3,48,19.225
Milwaukee Bucks,-4.719494,-0.4356856346130371,0.4909599890103377,1,1.5,24,3,48,19.225
Minnesota Timberwolves,-6.5549083,-10.824996948242188,0.2866988104837353,1,9.5,24,3,48,19.225
New Orleans Pelicans,3.3604243,9.915332794189453,0.6969817041515781,1,11.0,24,3,48,19.225
New York Knicks,1.0115148,0.8814949989318848,0.5182852371408874,0,-14.5,24,3,48,19.225
Oklahoma City Thunder,-0.2240256,0.38307130336761475,0.5079484742683963,1,22.5,24,3,48,19.225
Orlando Magic,-3.0793648,-4.090879440307617,0.4157476196962729,0,-9.5,24,3,48,19.225
Philadelphia 76ers,-9.271233,-6.974869251251221,0.358379762078495,1,3.0,24,3,48,19.225
Phoenix Suns,-6.5549083,-10.304229736328125,0.29599054843767203,0,-17.5,24,3,48,19.225
Portland Trail Blazers,4.1044536,9.416403770446777,0.6878579408939512,0,-33.5,24,3,48,19.225
Sacramento Kings,-0.25649634,2.365185260772705,0.5489557452813808,1,11.0,24,3,48,19.225
San Antonio Spurs,4.808202,5.064698219299316,0.603893024436504,0,-19.5,24,3,48,19.225
Toronto Raptors,-0.6070969,-0.38307130336761475,0.4920515257316037,0,-35.0,24,3,48,19.225
Utah Jazz,-5.31195,-9.416403770446777,0.31214205910604875,1,56.5,24,3,48,19.225
Washington Wizards,-5.31195,-4.322518825531006,0.411054664645625,1,5.5,24,3,48,19.225
Atlanta Hawks,1.7535352,12.507144927978516,0.7381300104449737,1,19.0,25,7,48,19.616
Boston Celtics,-1.7922212,-0.2534034252166748,0.4948465930436363,1,12.0,25,7,48,19.616
Brooklyn Nets,1.1705999,10.21882438659668,0.6987945460344432,1,11.5,25,7,48,19.616
Charlotte Hornets,0.5910598,9.639284133911133,0.6884256580065464,1,19.5,25,7,48,19.616
Cleveland Cavaliers,4.314584,-0.3281402587890625,0.4933268129333029,1,8.0,25,7,48,19.616
Dallas Mavericks,-5.367035,0.3911280632019043,0.5079539753152039,0,-4.0,25,7,48,19.616
Denver Nuggets,4.642724,3.1061367988586426,0.5629075528628129,1,26.0,25,7,48,19.616
Detroit Pistons,-1.5388178,0.2534034252166748,0.5051534069563637,1,2.0,25,7,48,19.616
Indiana Pacers,-9.048224,-6.84010124206543,0.3636589137018109,1,6.5,25,7,48,19.616
Los Angeles Clippers,1.5365874,6.80195951461792,0.6356108915270527,0,-24.5,25,7,48,19.616
Los Angeles Lakers,-4.7544684,-6.580434322357178,0.3686397012974326,0,-37.5,25,7,48,19.616
Memphis Grizzlies,-4.9440527,-3.15183162689209,0.436174883845986,1,1.5,25,7,48,19.616
Miami Heat,1.8259658,7.5841288566589355,0.6504829912088756,1,6.5,25,7,48,19.616
Milwaukee Bucks,-10.75361,-15.068193435668945,0.22119949791706783,0,-27.0,25,7,48,19.616
Minnesota Timberwolves,-5.2653723,-7.279565334320068,0.3552820138909157,0,-11.5,25,7,48,19.616
New York Knicks,-7.9283504,-2.170187473297119,0.4559540389822158,0,-10.5,25,7,48,19.616
Oklahoma City Thunder,-8.003632,-3.706563949584961,0.42506454087733114,1,0.5,25,7,48,19.616
Orlando Magic,-6.4262853,-7.810840606689453,0.3452479750293922,0,-1.5,25,7,48,19.616
Philadelphia 76ers,1.3845551,10.432779312133789,0.7025828618779931,0,-8.5,25,7,48,19.616
Sacramento Kings,-9.125038,-4.180985450744629,0.4156093296165304,0,-0.5,25,7,48,19.616
Toronto Raptors,-5.758163,-0.3911280632019043,0.4920460246847961,1,2.5,25,7,48,19.616
Washington Wizards,-6.9515877,-5.159366607666016,0.3962695456224135,0,-3.0,25,7,48,19.616
Atlanta Hawks,-2.7627559,-2.1745200157165527,0.4565174847427924,0,-3.5,26,5,32,19.911
Boston Celtics,-4.4840736,-12.504525184631348,0.26499658482334243,1,5.5,26,5,32,19.911
Charlotte Hornets,2.9117804,-7.277997016906738,0.35736021547611363,0,-3.0,26,5,32,19.911
Chicago Bulls,10.189777,3.2778806686401367,0.5653805966326404,0,-5.5,26,5,32,19.911
Cleveland Cavaliers,-7.3021045,-10.213884353637695,0.3039850057783436,1,3.0,26,5,32,19.911
Detroit Pistons,-8.516601,-0.7653446197509766,0.48466922978821786,1,20.5,26,5,32,19.911
Golden State Warriors,3.697125,-8.084165573120117,0.34236684425091524,0,-9.0,26,5,32,19.911
Indiana Pacers,6.9118967,4.000116348266602,0.579610982167905,0,-7.5,26,5,32,19.911
Los Angeles Lakers,-0.5882358,2.1745200157165527,0.5434825152572076,1,3.5,26,5,32,19.911
Miami Heat,-3.8462179,4.670382499694824,0.5927253538314524,0,-5.5,26,5,32,19.911
Milwaukee Bucks,6.266151,-1.754300594329834,0.4648960256708155,1,19.5,26,5,32,19.911
Minnesota Timberwolves,3.8498447,4.438080310821533,0.588191114072605,1,9.0,26,5,32,19.911
New Orleans Pelicans,-11.769281,-17.252182006835938,0.1931193478600195,1,2.0,26,5,32,19.911
New York Knicks,-7.751256,-7.575271129608154,0.3518042719501731,0,-2.5,26,5,32,19.911
Oklahoma City Thunder,3.9381711,4.114156246185303,0.5818489528344899,0,-1.0,26,5,32,19.911
Orlando Magic,-0.17598489,-8.048881530761719,0.34301810124924625,0,-11.5,26,5,32,19.911
Philadelphia 76ers,7.872896,4.961115837097168,0.598382567239726,1,16.5,26,5,32,19.911
Phoenix Suns,14.234561,11.16112995147705,0.7124467782306215,1,11.5,26,5,32,19.911
Portland Trail Blazers,3.073431,-2.4094700813293457,0.45184110650554987,0,-4.5,26,5,32,19.911
Sacramento Kings,-15.339536,-20.822437286376953,0.14783406708318675,1,20.5,26,5,32,19.911
San Antonio Spurs,5.482901,2.4094700813293457,0.5481588934944501,1,8.5,26,5,32,19.911
Utah Jazz,4.0807586,-10.153802871704102,0.305041214000183,0,-5.5,26,5,32,19.911
Boston Celtics,16.893665,9.716277122497559,0.6667292042061719,0,-16.5,27,15,32,22.549
Brooklyn Nets,-4.8550496,-27.25187873840332,0.11341375778632146,0,-9.0,27,15,32,22.549
Charlotte Hornets,7.856574,-3.785183906555176,0.4333443280455704,0,-1.5,27,15,32,22.549
Cleveland Cavaliers,19.623074,19.38184356689453,0.8049813371048715,0,-12.0,27,15,32,22.549
Dallas Mavericks,8.879208,19.183576583862305,0.8025477942428789,0,-31.5,27,15,32,22.549
Denver Nuggets,-10.36523,-4.946891784667969,0.4131748060244609,0,-15.5,27,15,32,22.549
Detroit Pistons,-12.150561,-29.044227600097656,0.09886272764587228,0,-16.0,27,15,32,22.549
Golden State Warriors,-12.125819,-34.522647857666016,0.0628826034060528,0,-50.0,27,15,32,22.549
Houston Rockets,-5.799926,-6.253837585449219,0.39075707648744945,1,19.0,27,15,32,22.549
Indiana Pacers,-13.835464,-25.477222442626953,0.12926577847631643,1,2.5,27,15,32,22.549
Los Angeles Clippers,-10.304369,0.060860633850097656,0.5010767674197067,0,-21.0,27,15,32,22.549
Memphis Grizzlies,22.39683,27.25187873840332,0.8865862422136785,1,23.5,27,15,32,22.549
Miami Heat,0.24122979,9.415719032287598,0.6618692670109206,0,-4.0,27,15,32,22.549
Milwaukee Bucks,5.1926007,-1.9847874641418457,0.4649297021624651,1,14.0,27,15,32,22.549
Minnesota Timberwolves,-4.261184,-13.845314025878906,0.26960283536440427,1,13.0,27,15,32,22.549
New Orleans Pelicans,0.45391157,-10.1976900100708,0.3255447731164268,1,6.0,27,15,32,22.549
New York Knicks,-9.483573,-5.222388744354248,0.408422999523099,1,18.0,27,15,32,22.549
Oklahoma City Thunder,-9.174489,-9.415719032287598,0.33813073298907936,0,-1.0,27,15,32,22.549
Phoenix Suns,10.297774,24.133237838745117,0.8577500703754664,0,-3.5,27,15,32,22.549
Toronto Raptors,-17.497124,-17.738353729248047,0.21573932786592126,0,-1.5,27,15,32,22.549
Washington Wizards,1.9048822,-3.2877185344696045,0.44203791485604527,1,2.5,27,15,32,22.549
Atlanta Hawks,-5.9502788,7.599918842315674,0.6344455225591811,0,-3.5,28,15,48,22.115
Boston Celtics,1.1679369,0.054498910903930664,0.5009831183197387,1,13.5,28,15,48,22.115
Brooklyn Nets,-0.8665005,-0.9880689382553101,0.4821819084743835,0,-19.0,28,15,48,22.115
Charlotte Hornets,-2.9886336,-1.232444405555725,0.4777791332297423,0,-3.5,28,15,48,22.115
Chicago Bulls,1.113438,4.102071762084961,0.5735761464996014,1,8.5,28,15,48,22.115
Cleveland Cavaliers,0.12156844,1.8777576684951782,0.5338326776011602,0,-7.0,28,15,48,22.115
Denver Nuggets,-2.1472614,1.837022066116333,0.5331004252500022,0,-3.5,28,15,48,22.115
Detroit Pistons,-1.4509709,18.906444549560547,0.8036983181248786,1,12.5,28,15,48,22.115
Houston Rockets,8.488184,2.414278030395508,0.5434654062394304,1,8.5,28,15,48,22.115
Indiana Pacers,5.0714235,9.055706977844238,0.6589055896749088,1,21.0,28,15,48,22.115
Los Angeles Clippers,6.00445,15.954730033874512,0.7646793424936782,1,43.5,28,15,48,22.115
Los Angeles Lakers,1.532111,3.4465041160583496,0.561921589697261,0,-2.0,28,15,48,22.115
Memphis Grizzlies,-10.926595,-12.45870590209961,0.28659697511211735,0,-16.0,28,15,48,22.115
Miami Heat,-20.357416,-19.67007064819336,0.18688464688436301,0,-17.0,28,15,48,22.115
Milwaukee Bucks,2.7372634,3.603764057159424,0.5647226236738417,0,-9.5,28,15,48,22.115
Minnesota Timberwolves,-1.914393,0.7718672752380371,0.513921078034106,0,-34.0,28,15,48,22.115
New Orleans Pelicans,-3.9842834,-9.055706977844238,0.34109441032509125,0,-8.0,28,15,48,22.115
Oklahoma City Thunder,1.91112,3.667309284210205,0.5658535464560818,1,13.5,28,15,48,22.115
Philadelphia 76ers,-11.446005,-11.567573547363281,0.3004666275754012,0,-33.0,28,15,48,22.115
Phoenix Suns,-3.0310798,-1.580108880996704,0.4715202589063212,0,-12.5,28,15,48,22.115
Portland Trail Blazers,-7.9207788,-5.773517608642578,0.39702114867331517,1,5.5,28,15,48,22.115
Sacramento Kings,1.347137,5.331420421600342,0.5952513110463918,0,-5.0,28,15,48,22.115
San Antonio Spurs,-13.550198,-7.599918842315674,0.3655544774408189,1,3.5,28,15,48,22.115
Toronto Raptors,6.073906,4.96046781539917,0.5887384038279158,1,9.0,28,15,48,22.115
Utah Jazz,-9.95028,-8.499309539794922,0.3503709711202051,1,11.5,28,15,48,22.115
Washington Wizards,-1.7561892,-3.667309284210205,0.43414645354391823,0,-1.0,28,15,48,22.115
Charlotte Hornets,3.8444583,12.585390090942383,0.7065007427748284,0,-7.0,29,15,32,23.169
Dallas Mavericks,-2.4081595,8.04613208770752,0.6358074173052087,1,21.0,29,15,32,23.169
Denver Nuggets,7.2589836,24.323787689208984,0.8531006725695873,1,27.0,29,15,32,23.169
Detroit Pistons,-3.3079314,-8.711553573608398,0.35346057037059403,0,-3.0,29,15,32,23.169
Golden State Warriors,-0.07880208,-10.460076332092285,0.32582856899442103,0,-3.0,29,15,32,23.169
Los Angeles Clippers,-6.626618,-4.21845817565918,0.42776373240727245,1,14.0,29,15,32,23.169
Los Angeles Lakers,-13.908426,-18.938549041748047,0.20685117018109883,1,10.5,29,15,32,23.169
Memphis Grizzlies,5.030123,5.1089253425598145,0.5872604187074987,1,46.5,29,15,32,23.169
Miami Heat,-3.032755,3.1932830810546875,0.5548100172342847,1,11.0,29,15,32,23.169
Minnesota Timberwolves,-2.6396825,-2.560880422592163,0.45599505748162183,0,-14.5,29,15,32,23.169
Philadelphia 76ers,-8.7409315,-9.642267227172852,0.33864489777233986,1,2.0,29,15,32,23.169
Phoenix Suns,-17.064804,-24.323787689208984,0.14689932743041267,0,-38.5,29,15,32,23.169
Portland Trail Blazers,-10.454291,-11.355627059936523,0.31202675523647094,0,-8.5,29,15,32,23.169
Sacramento Kings,3.5112445,-3.74773907661438,0.43574979571200867,0,-1.0,29,15,32,23.169
San Antonio Spurs,0.9013358,11.355627059936523,0.6879732447635291,1,24.5,29,15,32,23.169
Utah Jazz,5.4036217,11.629659652709961,0.6921454766874051,1,20.0,29,15,32,23.169
Atlanta Hawks,-1.3053671,-4.28453254699707,0.415828022385197,1,14.5,30,10,48,20.155
Boston Celtics,1.0253097,10.024771690368652,0.6905399608182827,0,-18.5,30,10,48,20.155
Brooklyn Nets,0.8165787,6.5333356857299805,0.6270889065232419,0,-8.0,30,10,48,20.155
Charlotte Hornets,5.5578694,-3.0079312324523926,0.4406824321806577,0,-3.5,30,10,48,20.155
Chicago Bulls,-2.6210246,-3.646334171295166,0.4282176392476963,1,23.5,30,10,48,20.155
Cleveland Cavaliers,4.2968335,-6.660394191741943,0.37052731666223504,1,15.5,30,10,48,20.155
Dallas Mavericks,10.74232,7.763154983520508,0.6499445626639365,0,-9.5,30,10,48,20.155
Denver Nuggets,3.6329298,12.450338363647461,0.7316221903220451,0,-8.0,30,10,48,20.155
Detroit Pistons,7.1923637,16.00977325439453,0.7864979645144594,1,3.5,30,10,48,20.155
Golden State Warriors,4.3007994,6.995733261108398,0.6357400207047421,0,-6.5,30,10,48,20.155
Houston Rockets,8.565801,9.566877365112305,0.6824863748104792,1,8.0,30,10,48,20.155
Indiana Pacers,1.9443874,-0.963038444519043,0.4809452365009515,1,33.5,30,10,48,20.155
Los Angeles Clippers,-3.0370429,-13.779362678527832,0.24709292475241573,0,-12.0,30,10,48,20.155
Los Angeles Lakers,-2.694934,-5.602359771728516,0.39052060058276017,1,17.5,30,10,48,20.155
Memphis Grizzlies,3.4424043,4.747771263122559,0.5931136458014028,1,14.0,30,10,48,20.155
Miami Heat,-2.1734762,-3.2975611686706543,0.4350193652830349,1,2.5,30,10,48,20.155
Milwaukee Bucks,10.957228,9.012840270996094,0.6726253695205808,1,15.5,30,10,48,20.155
Minnesota Timberwolves,2.9791653,4.28453254699707,0.584171977614803,0,-9.5,30,10,48,20.155
New Orleans Pelicans,-1.0010762,-4.041823863983154,0.420530678272735,0,-2.0,30,10,48,20.155
New York Knicks,3.0407476,-10.213701248168945,0.306163281631038,0,-6.0,30,10,48,20.155
Oklahoma City Thunder,0.8826486,-4.675220966339111,0.40828368166923046,1,10.5,30,10,48,20.155
Orlando Magic,1.1240848,3.2975611686706543,0.5649806347169651,1,13.5,30,10,48,20.155
Philadelphia 76ers,-8.999462,-10.024771690368652,0.3094600391817173,0,-5.5,30,10,48,20.155
Phoenix Suns,-8.817409,-12.450338363647461,0.2683778096779549,1,8.0,30,10,48,20.155
Portland Trail Blazers,4.238158,-6.504161834716797,0.37345912290461714,0,-16.0,30,10,48,20.155
Sacramento Kings,2.9074259,5.602359771728516,0.6094793994172398,0,-18.5,30,10,48,20.155
San Antonio Spurs,13.254449,22.253910064697266,0.8652322975719837,1,4.0,30,10,48,20.155
Toronto Raptors,-8.274189,-16.839988708496094,0.20171247023423539,0,-7.0,30,10,48,20.155
Utah Jazz,-5.716757,-10.013589859008789,0.30965564344390745,0,-6.5,30,10,48,20.155
Washington Wizards,0.9645433,-2.076204299926758,0.4589769712605871,1,0.5,30,10,48,20.155
Atlanta Hawks,1.4399151,1.3749220371246338,0.5273058034426207,1,9.5,31,10,48,20.072
Boston Celtics,0.2647254,1.1736235618591309,0.5233129817967095,1,26.0,31,10,48,20.072
Brooklyn Nets,-0.49992248,-0.45197033882141113,0.49101765683065585,0,-17.5,31,10,48,20.072
Charlotte Hornets,-3.3084242,-3.373417377471924,0.4332662027886154,1,10.0,31,10,48,20.072
Chicago Bulls,0.06499305,-0.19973233342170715,0.4960303006506893,0,-14.0,31,10,48,20.072
Cleveland Cavaliers,2.5174127,8.724567413330078,0.6680955882281698,1,18.5,31,10,48,20.072
Dallas Mavericks,0.3273088,-0.9360333681106567,0.4814026804889573,1,5.5,31,10,48,20.072
Golden State Warriors,-1.064341,2.2440834045410156,0.5445093667180251,0,-4.5,31,10,48,20.072
Los Angeles Lakers,-0.9088981,-0.40294772386550903,0.49199178093797996,1,8.5,31,10,48,20.072
Memphis Grizzlies,5.9258127,9.234236717224121,0.6772607121982751,0,-5.5,31,10,48,20.072
Miami Heat,-0.047952145,-1.4878672361373901,0.47045506652163765,0,-9.0,31,10,48,20.072
Milwaukee Bucks,6.5540037,7.05392599105835,0.6373666272173127,1,5.5,31,10,48,20.072
Minnesota Timberwolves,-3.371653,-3.6989619731903076,0.42689556925242056,1,9.5,31,10,48,20.072
New Orleans Pelicans,0.8109537,-0.9771700501441956,0.48058599961610204,1,5.5,31,10,48,20.072
New York Knicks,-1.9733962,1.5898786783218384,0.5315665020261264,1,14.0,31,10,48,20.072
Oklahoma City Thunder,3.0250473,-2.9007654190063477,0.44254611489157947,1,22.5,31,10,48,20.072
Orlando Magic,-3.5632749,-3.82800030708313,0.42437556930126413,1,3.0,31,10,48,20.072
Philadelphia 76ers,-6.2071548,-2.6537351608276367,0.447409142200182,0,-10.0,31,10,48,20.072
Portland Trail Blazers,4.197048,7.750467777252197,0.6503000378911616,1,8.5,31,10,48,20.072
Sacramento Kings,-0.5059504,0.40294772386550903,0.5080082190620201,0,-8.5,31,10,48,20.072
San Antonio Spurs,3.9281206,5.901516914367676,0.6156269112397773,1,6.0,31,10,48,20.072
Utah Jazz,-3.5534196,-7.750467777252197,0.3496999621088383,1,0.5,31,10,48,20.072
Atlanta Hawks,0.7844685,0.24882358312606812,0.5049206075656285,1,13.0,32,10,32,20.173
Boston Celtics,2.4398568,1.828345537185669,0.5361078999076494,0,-21.0,32,10,32,20.173
Brooklyn Nets,-8.310749,-10.423912048339844,0.30267431968030345,1,4.0,32,10,32,20.173
Chicago Bulls,6.243228,4.130064487457275,0.5811091013213279,0,-9.0,32,10,32,20.173
Cleveland Cavaliers,8.392954,2.2958693504333496,0.5453052629195604,1,0.5,32,10,32,20.173
Dallas Mavericks,2.954452,-3.0102767944335938,0.4406889985204786,0,-7.5,32,10,32,20.173
Detroit Pistons,3.2061067,7.857511520385742,0.6515487354421694,1,7.0,32,10,32,20.173
Golden State Warriors,3.5617366,13.08029556274414,0.7416381622081684,1,7.5,32,10,32,20.173
Indiana Pacers,0.6115113,-6.187974452972412,0.3795189642470227,0,-2.5,32,10,32,20.173
Los Angeles Clippers,5.650742,2.089005470275879,0.5412384319640307,1,13.5,32,10,32,20.173
Memphis Grizzlies,7.808278,11.749984741210938,0.7198712603867439,1,26.0,32,10,32,20.173
Miami Heat,0.5356449,-13.610149383544922,0.24994290727842317,1,7.0,32,10,32,20.173
Milwaukee Bucks,2.1131635,-3.851565361022949,0.42429172724801534,0,-13.5,32,10,32,20.173
Minnesota Timberwolves,-9.313436,-23.459228515625,0.12243531485492615,0,-2.5,32,10,32,20.173
New Orleans Pelicans,1.7909142,-12.354879379272461,0.2701218968525577,0,-9.5,32,10,32,20.173
New York Knicks,0.72077376,6.016507148742676,0.6172417539755555,0,-3.5,32,10,32,20.173
Orlando Magic,-5.5316396,-6.06728458404541,0.3817981154714696,0,-4.0,32,10,32,20.173
Philadelphia 76ers,9.404264,3.439535617828369,0.5676920830068763,1,32.5,32,10,32,20.173
Phoenix Suns,-9.518559,-13.08029556274414,0.25836183779183164,0,-10.0,32,10,32,20.173
Portland Trail Blazers,5.964729,3.0102767944335938,0.5593110014795214,1,11.0,32,10,32,20.173
Sacramento Kings,-4.651405,-5.262916088104248,0.39708932864835395,0,-30.5,32,10,32,20.173
San Antonio Spurs,-1.4454573,6.865291595458984,0.633192118722473,1,2.0,32,10,32,20.173
Utah Jazz,6.0970845,-3.3071799278259277,0.4348890358924629,0,-1.0,32,10,32,20.173
Washington Wizards,-5.2957335,-11.538961410522461,0.2836615099113636,1,28.5,32,10,32,20.173
Atlanta Hawks,-11.210764,-17.565006256103516,0.18252433959881553,1,23.5,33,5,64,19.392
Brooklyn Nets,4.2842426,-3.097684383392334,0.4365427723376881,1,0.5,33,5,64,19.392
Charlotte Hornets,-9.118412,-8.048537254333496,0.3390546631654735,0,-9.5,33,5,64,19.392
Chicago Bulls,-1.0698749,10.140889167785645,0.6994927835908329,0,-2.5,33,5,64,19.392
Denver Nuggets,2.4013407,-0.09085822105407715,0.49813082307142986,1,9.0,33,5,64,19.392
Detroit Pistons,1.2163001,-1.1850405931472778,0.4756358782846514,0,-8.0,33,5,64,19.392
Golden State Warriors,-1.6455777,-10.228361129760742,0.2989395267413125,0,-22.0,33,5,64,19.392
Houston Rockets,1.9227542,-5.985527992248535,0.3787901358459877,1,2.5,33,5,64,19.392
Indiana Pacers,-3.5399384,-13.95928955078125,0.2358091819757927,0,-31.5,33,5,64,19.392
Los Angeles Lakers,-2.6221762,-0.9765985012054443,0.479917384288051,1,6.0,33,5,64,19.392
Memphis Grizzlies,1.3551886,2.2082371711730957,0.5453310417840738,0,-4.0,33,5,64,19.392
Miami Heat,3.277654,4.130702495574951,0.5843407304460733,1,12.5,33,5,64,19.392
Milwaukee Bucks,-1.4617269,-7.815969467163086,0.3434551632042263,1,14.5,33,5,64,19.392
New Orleans Pelicans,-0.8530485,-2.2082371711730957,0.4546689582159262,1,0.5,33,5,64,19.392
Oklahoma City Thunder,5.5630193,-2.552760601043701,0.4476345322392799,1,12.5,33,5,64,19.392
Orlando Magic,-4.922868,-13.505651473999023,0.24307187271762715,0,-24.5,33,5,64,19.392
Phoenix Suns,1.6572313,0.30204272270202637,0.5062135326992886,0,-3.0,33,5,64,19.392
Portland Trail Blazers,-5.027682,-9.910563468933105,0.3046528071514123,0,-25.0,33,5,64,19.392
Sacramento Kings,-3.933243,-5.149543285369873,0.395292872143752,0,-6.0,33,5,64,19.392
Toronto Raptors,6.354243,17.565006256103516,0.8174756604011845,0,-17.0,33,5,64,19.392
Utah Jazz,2.492199,0.09085822105407715,0.5018691769285701,0,-8.0,33,5,64,19.392
Washington Wizards,4.7592864,5.612334728240967,0.6138681509869852,0,-9.5,33,5,64,19.392
Chicago Bulls,-0.30186877,-4.9151716232299805,0.4068028111293639,1,7.5,34,15,64,20.847
Dallas Mavericks,-7.0850544,-8.608773231506348,0.33981926468361423,0,-15.0,34,15,64,20.847
Denver Nuggets,6.369953,2.9284801483154297,0.5558584426121405,1,13.0,34,15,64,20.847
Detroit Pistons,1.2513901,-1.6587928533554077,0.46828920749102243,1,15.0,34,15,64,20.847
Golden State Warriors,-1.3471128,11.58028793334961,0.7107228878458935,1,27.5,34,15,64,20.847
Los Angeles Lakers,0.28457943,-0.21945175528526306,0.4958004372214488,1,11.0,34,15,64,20.847
Milwaukee Bucks,4.6133027,4.814898490905762,0.5913298169016118,1,13.5,34,15,64,20.847
New York Knicks,5.6155725,6.305794715881348,0.6188585405055498,1,3.5,34,15,64,20.847
Philadelphia 76ers,-12.927401,-11.58028793334961,0.28927711215410645,0,-39.5,34,15,64,20.847
Phoenix Suns,-4.365559,3.2863216400146484,0.5626307049328674,0,-11.5,34,15,64,20.847
Portland Trail Blazers,-4.7871675,-5.071746826171875,0.40389118198153867,0,-4.0,34,15,64,20.847
Sacramento Kings,0.5040312,0.21945175528526306,0.5041995627785513,0,-11.0,34,15,64,20.847
Utah Jazz,-0.6902224,-6.305794715881348,0.3811414594944502,0,-10.5,34,15,64,20.847
Washington Wizards,10.087575,12.206964492797852,0.7209140440877273,1,0.5,34,15,64,20.847
Charlotte Hornets,-4.037712,-7.218145370483398,0.3629136841553278,0,-5.5,35,15,16,20.583
Chicago Bulls,-1.4437013,2.594010829925537,0.5501441859090753,1,2.5,35,15,16,20.583
Cleveland Cavaliers,3.1804333,0.653536319732666,0.512664672303268,1,8.0,35,15,16,20.583
Dallas Mavericks,3.04432,-0.13611316680908203,0.4973618823016243,0,-5.5,35,15,16,20.583
Denver Nuggets,-3.1813743,-0.38843488693237305,0.4924718260423157,0,-10.5,35,15,16,20.583
Golden State Warriors,1.206666,3.7796289920806885,0.5728469202110139,1,12.0,35,15,16,20.583
Los Angeles Clippers,-7.03772,-8.104406356811523,0.3468869047475723,0,-22.5,35,15,16,20.583
New Orleans Pelicans,-8.650581,-15.769948959350586,0.22179163295163523,0,-6.5,35,15,16,20.583
New York Knicks,-9.965964,-11.0326509475708,0.29597832972732424,0,-22.5,35,15,16,20.583
Philadelphia 76ers,-4.603453,-0.09209775924682617,0.4982149729197885,1,23.0,35,15,16,20.583
Portland Trail Blazers,-3.8746457,-4.060655117034912,0.421804183734022,1,9.0,35,15,16,20.583
Sacramento Kings,-7.400628,-10.444948196411133,0.30591948890229126,1,3.5,35,15,16,20.583
Utah Jazz,-8.650581,-15.169748306274414,0.23056219854237336,1,20.5,35,15,16,20.583
Washington Wizards,3.6167653,0.7966699600219727,0.51543715315983,0,-10.5,35,15,16,20.583
Atlanta Hawks,-1.2719104,-5.424426078796387,0.39712236257935085,0,-19.0,36,10,32,20.799
Boston Celtics,-2.8016798,-4.779139518737793,0.4091322604268581,0,-17.0,36,10,32,20.799
Brooklyn Nets,5.6019936,18.93834686279297,0.8187317589158787,1,16.5,36,10,32,20.799
Chicago Bulls,7.3882813,9.30075740814209,0.6726252556348251,0,-24.0,36,10,32,20.799
Dallas Mavericks,-0.34212172,-14.642834663391113,0.24071101042607557,0,-9.5,36,10,32,20.799
Denver Nuggets,-1.6077528,-4.530295372009277,0.41378723685235896,1,4.0,36,10,32,20.799
Detroit Pistons,4.5976167,4.840914249420166,0.5920213664365002,1,11.5,36,10,32,20.799
Houston Rockets,0.45786697,2.370342969894409,0.5453670067396647,1,17.5,36,10,32,20.799
Indiana Pacers,-3.2969534,-14.353520393371582,0.24506337577533316,1,15.0,36,10,32,20.799
Los Angeles Clippers,4.1525154,5.424426078796387,0.6028776374206491,1,35.0,36,10,32,20.799
Miami Heat,11.056567,9.903315544128418,0.6830142808141155,0,-7.0,36,10,32,20.799
Milwaukee Bucks,-13.336353,-6.937174320220947,0.369365426728154,0,-47.5,36,10,32,20.799
Minnesota Timberwolves,-0.2432974,-4.840914249420166,0.40797863356349984,0,-10.0,36,10,32,20.799
New Orleans Pelicans,1.1512084,3.0636844635009766,0.5585523087147606,1,21.0,36,10,32,20.799
New York Knicks,-6.399179,-13.787460327148438,0.25370003399086954,0,-25.5,36,10,32,20.799
Oklahoma City Thunder,1.9774599,-5.236632823944092,0.40060801288309655,0,-16.0,36,10,32,20.799
Orlando Magic,3.3630826,6.948554992675781,0.6308410351575687,1,11.5,36,10,32,20.799
Philadelphia 76ers,8.237328,-2.2649335861206055,0.4566423209644591,0,-3.5,36,10,32,20.799
Portland Trail Blazers,-0.6424577,-5.240074157714844,0.4005440657602607,1,5.0,36,10,32,20.799
Sacramento Kings,1.153252,-7.084075450897217,0.3667033430171286,0,-0.5,36,10,32,20.799
Toronto Raptors,-3.585472,-6.948554992675781,0.36915896484243127,0,-10.5,36,10,32,20.799
Utah Jazz,2.1017184,-8.954849243164062,0.3334003838905911,1,48.5,36,10,32,20.799
Atlanta Hawks,-3.5011494,-8.225712776184082,0.33767198497622386,1,6.0,37,5,32,19.64
Boston Celtics,-2.6561248,-2.7417612075805664,0.44448759432706847,1,10.0,37,5,32,19.64
Cleveland Cavaliers,-0.86001396,-2.5156476497650146,0.4490396063518152,1,0.5,37,5,32,19.64
Dallas Mavericks,6.1044016,-0.9926133155822754,0.47984585168784794,1,30.5,37,5,32,19.64
Denver Nuggets,0.08563647,2.7417612075805664,0.5555124056729315,0,-14.0,37,5,32,19.64
Detroit Pistons,8.668213,6.284407138824463,0.6255084284793778,1,9.0,37,5,32,19.64
Golden State Warriors,-1.0543869,4.351343154907227,0.5876700251029853,0,-22.5,37,5,32,19.64
Houston Rockets,9.160279,4.530934810638428,0.5912259320943275,1,6.0,37,5,32,19.64
Los Angeles Lakers,7.097015,10.598164558410645,0.7052711963694495,1,14.0,37,5,32,19.64
Memphis Grizzlies,4.6293445,5.6837310791015625,0.6138608585448517,0,-1.5,37,5,32,19.64
Miami Heat,-5.4057302,-4.351343154907227,0.41232997489701473,1,7.5,37,5,32,19.64
Minnesota Timberwolves,-1.0543869,-10.980189323425293,0.2880557505494673,0,-4.0,37,5,32,19.64
New Orleans Pelicans,-1.8136494,-4.989751815795898,0.3997241965916089,1,4.5,37,5,32,19.64
New York Knicks,15.266911,7.000397682189941,0.63924305442239,0,-4.0,37,5,32,19.64
Oklahoma City Thunder,-5.3434405,-20.6103515625,0.14699509194331872,1,20.0,37,5,32,19.64
Orlando Magic,8.266513,3.54194974899292,0.5715587168948114,0,-14.5,37,5,32,19.64
Sacramento Kings,2.0694065,-2.5599379539489746,0.4481474270542464,1,2.5,37,5,32,19.64
San Antonio Spurs,-4.0854826,-13.706117630004883,0.24262971566622604,0,-2.0,37,5,32,19.64
Toronto Raptors,-0.20783982,-4.851034164428711,0.402454876751446,0,-22.5,37,5,32,19.64
Utah Jazz,4.724563,8.225712776184082,0.6623280150237761,1,5.5,37,5,32,19.64
Washington Wizards,3.1761026,-6.44453239440918,0.3714053669930951,0,-25.5,37,5,32,19.64
Brooklyn Nets,7.0140443,18.994386672973633,0.8052049549333431,0,-6.0,38,15,32,22.077
Chicago Bulls,-4.971363,0.6028180122375488,0.5108917522091427,1,5.5,38,15,32,22.077
Detroit Pistons,-0.24573557,-7.259779930114746,0.3711399604903176,1,9.5,38,15,32,22.077
Houston Rockets,-3.978811,-9.661896705627441,0.3308233392883224,0,-2.5,38,15,32,22.077
Indiana Pacers,-11.980342,-18.994386672973633,0.19479504506665685,1,6.0,38,15,32,22.077
Los Angeles Clippers,-2.0088503,2.5740363597869873,0.5464084552495829,0,-20.5,38,15,32,22.077
Los Angeles Lakers,-0.38149112,3.5973198413848877,0.5647181618494456,1,0.5,38,15,32,22.077
Miami Heat,-4.998706,-14.406193733215332,0.2570276299891162,1,7.5,38,15,32,22.077
Milwaukee Bucks,-15.611328,-11.251551628112793,0.3051500635526164,1,22.0,38,15,32,22.077
Minnesota Timberwolves,-12.378995,-19.78553581237793,0.18507391162791148,1,4.5,38,15,32,22.077
New York Knicks,-1.7097746,13.121576309204102,0.7238605997239398,1,3.5,38,15,32,22.077
Orlando Magic,-4.3597765,-2.6500020027160645,0.45222839712606855,1,19.5,38,15,32,22.077
Philadelphia 76ers,6.9780393,-0.4285011291503906,0.492257339827082,0,-11.5,38,15,32,22.077
Phoenix Suns,3.562892,-5.844595909118652,0.39560714548376574,1,11.5,38,15,32,22.077
Portland Trail Blazers,-10.13303,-15.174684524536133,0.24593251328790788,0,-0.5,38,15,32,22.077
Sacramento Kings,-10.62025,-6.19511079788208,0.3895044347964347,1,27.5,38,15,32,22.077
San Antonio Spurs,-5.574181,10.037147521972656,0.6753151554121786,0,-17.5,38,15,32,22.077
Toronto Raptors,-14.831351,-13.121576309204102,0.2761394002760602,0,-7.0,38,15,32,22.077
Boston Celtics,10.7254305,8.571868896484375,0.6618720756316232,0,-4.5,39,5,32,20.528
Brooklyn Nets,4.031368,6.195508003234863,0.6186029114949101,0,-4.0,39,5,32,20.528
Charlotte Hornets,-1.818061,-5.664940357208252,0.3912866951107459,1,6.0,39,5,32,20.528
Chicago Bulls,3.8468792,9.013761520385742,0.6697071024816305,0,-13.0,39,5,32,20.528
Dallas Mavericks,17.257046,8.84453296661377,0.6667151259908716,0,-6.0,39,5,32,20.528
Denver Nuggets,8.412513,4.381145000457764,0.5845030623468046,1,24.5,39,5,32,20.528
Detroit Pistons,-2.1641402,6.174570560455322,0.6182140615174078,0,-9.5,39,5,32,20.528
Golden State Warriors,-8.338711,-3.171828269958496,0.4386017196559484,0,-19.0,39,5,32,20.528
Indiana Pacers,-5.1668825,-9.013761520385742,0.33029289751836954,1,5.0,39,5,32,20.528
Los Angeles Clippers,-0.26114258,-11.526236534118652,0.28722853106475843,1,13.5,39,5,32,20.528
Memphis Grizzlies,0.8393149,-2.7572827339172363,0.4465744668376494,0,-9.0,39,5,32,20.528
Miami Heat,11.265094,13.816094398498535,0.749542170159189,1,28.0,39,5,32,20.528
Milwaukee Bucks,2.3007786,19.759368896484375,0.8321197692076359,1,12.0,39,5,32,20.528
Minnesota Timberwolves,1.4304596,-5.085860252380371,0.4021611371776908,1,12.5,39,5,32,20.528
New York Knicks,-9.201784,-34.069583892822266,0.04848775900235261,0,-36.5,39,5,32,20.528
Orlando Magic,6.5163198,5.085860252380371,0.5978388628223092,0,-3.5,39,5,32,20.528
Philadelphia 76ers,-2.519941,-9.036260604858398,0.3298959222852937,0,-4.0,39,5,32,20.528
Phoenix Suns,8.21008,10.028141021728516,0.6874091948803929,1,3.0,39,5,32,20.528
Portland Trail Blazers,-2.5510004,-13.816094398498535,0.250457829840811,0,-14.5,39,5,32,20.528
Sacramento Kings,-4.6590576,-15.924151420593262,0.21895021990643904,1,2.5,39,5,32,20.528
San Antonio Spurs,-12.137703,-0.35575103759765625,0.4930865256070905,1,21.0,39,5,32,20.528
Boston Celtics,-6.5803943,3.317078113555908,0.5663465947182024,0,-25.0,40,3,64,19.853
Brooklyn Nets,-1.6856663,14.49621868133545,0.767357107064244,0,-4.5,40,3,64,19.853
Chicago Bulls,-12.187895,-9.97014045715332,0.3077657392847504,1,21.5,40,3,64,19.853
Denver Nuggets,-16.181885,-24.351240158081055,0.10999293367416907,0,-3.5,40,3,64,19.853
Detroit Pistons,-2.4083107,7.489161491394043,0.6469975925583691,1,3.0,40,3,64,19.853
Golden State Warriors,1.5805275,11.477999687194824,0.7184165116347183,1,8.0,40,3,64,19.853
Indiana Pacers,-2.7608685,-4.341396331787109,0.4134516061216982,1,1.0,40,3,64,19.853
Los Angeles Lakers,-8.532072,-2.7788548469543457,0.44434176634690037,0,-27.5,40,3,64,19.853
Memphis Grizzlies,-5.207257,1.345674991607666,0.5270201362353868,1,3.5,40,3,64,19.853
Miami Heat,2.1857781,-12.706775665283203,0.26107426586237437,0,-15.0,40,3,64,19.853
Milwaukee Bucks,5.6564856,21.735919952392578,0.8632050300547283,1,7.5,40,3,64,19.853
Minnesota Timberwolves,-6.552932,-1.345674991607666,0.47297986376461326,0,-3.5,40,3,64,19.853
New Orleans Pelicans,1.1530824,17.232515335083008,0.8073021119081212,1,15.0,40,3,64,19.853
New York Knicks,-4.1770287,-9.833514213562012,0.3101900988181002,1,38.0,40,3,64,19.853
Oklahoma City Thunder,11.161656,-7.621973991394043,0.35052003165842616,1,16.0,40,3,64,19.853
Orlando Magic,4.291412,-1.3650736808776855,0.4725909618392192,1,3.5,40,3,64,19.853
Philadelphia 76ers,-16.079433,-27.2410888671875,0.08501200935709902,0,-23.0,40,3,64,19.853
Portland Trail Blazers,-1.9495645,-0.2638981342315674,0.4946972234305354,0,-14.0,40,3,64,19.853
Sacramento Kings,4.7678823,11.348276138305664,0.7162068053407824,1,29.0,40,3,64,19.853
San Antonio Spurs,-5.753217,-0.5459604263305664,0.48903051531221164,0,-10.5,40,3,64,19.853
Toronto Raptors,-9.897472,-7.489161491394043,0.3530024074416309,0,-3.0,40,3,64,19.853
Washington Wizards,-2.2177548,-16.49066734313965,0.20309115138209916,1,4.5,40,3,64,19.853
Charlotte Hornets,-4.0896554,-3.6499102115631104,0.42656176575616445,0,-3.5,41,5,32,19.715
Chicago Bulls,6.689522,11.413057327270508,0.7186733199580688,0,-2.0,41,5,32,19.715
Cleveland Cavaliers,-3.0277305,-3.295170307159424,0.43362954139093624,1,1.0,41,5,32,19.715
Dallas Mavericks,-0.8670432,-5.352625370025635,0.39300271550801846,1,0.5,41,5,32,19.715
Denver Nuggets,-8.834918,-7.967875003814697,0.3430494515805569,1,15.5,41,5,32,19.715
Detroit Pistons,-1.8437408,-3.8468008041381836,0.42264895428087634,0,-0.5,41,5,32,19.715
Indiana Pacers,0.26743993,3.295170307159424,0.5663704586090638,1,24.0,41,5,32,19.715
Miami Heat,-4.014234,-9.011024475097656,0.32381162917515516,0,-13.5,41,5,32,19.715
Milwaukee Bucks,5.408693,9.422926902770996,0.6836604581096194,1,32.5,41,5,32,19.715
Minnesota Timberwolves,-3.5011451,-1.4114339351654053,0.47146322019271275,1,12.0,41,5,32,19.715
New York Knicks,2.00306,3.8468008041381836,0.5773510457191237,0,-8.5,41,5,32,19.715
Oklahoma City Thunder,-7.2126255,-6.345582485198975,0.3737766567585381,0,-24.0,41,5,32,19.715
Phoenix Suns,3.21493,5.304641246795654,0.6060611261012608,0,-1.5,41,5,32,19.715
Portland Trail Blazers,6.344531,-2.999180793762207,0.4395431698913386,0,-24.5,41,5,32,19.715
Sacramento Kings,-4.723535,-11.413057327270508,0.28132668004193123,1,2.0,41,5,32,19.715
Toronto Raptors,3.2515576,-5.3899946212768555,0.39227407872702086,1,8.5,41,5,32,19.715
Washington Wizards,-2.0897112,-10.731263160705566,0.2931098835544582,1,8.0,41,5,32,19.715
Atlanta Hawks,-6.3348856,-13.967913627624512,0.22351683742484812,0,-7.5,42,10,48,18.37
Boston Celtics,-3.3505518,2.9843337535858154,0.5645273273682515,0,-16.0,42,10,48,18.37
Brooklyn Nets,5.645506,16.439212799072266,0.8145795765029964,1,23.0,42,10,48,18.37
Chicago Bulls,1.0993761,5.415839195251465,0.6159348346306598,0,-7.5,42,10,48,18.37
Cleveland Cavaliers,-1.4892187,-1.181767463684082,0.4743530434654671,0,-28.0,42,10,48,18.37
Dallas Mavericks,7.1878176,7.495268821716309,0.6583701525351128,1,12.5,42,10,48,18.37
Denver Nuggets,1.8914335,-6.719636917114258,0.35725862932167596,0,-17.5,42,10,48,18.37
Golden State Warriors,6.5804462,7.763195037841797,0.6637079359598443,1,13.5,42,10,48,18.37
Houston Rockets,8.611071,1.4155216217041016,0.5307107325177775,0,-13.5,42,10,48,18.37
Indiana Pacers,-1.4598763,0.0293424129486084,0.500637233977189,0,-2.0,42,10,48,18.37
Los Angeles Lakers,1.0287452,-4.616760730743408,0.40078256613284374,0,-2.5,42,10,48,18.37
Memphis Grizzlies,-2.701635,3.4349236488342285,0.5741644002173133,1,11.0,42,10,48,18.37
Miami Heat,3.2894397,1.3980062007904053,0.5303314608579572,0,-16.5,42,10,48,18.37
Milwaukee Bucks,5.1634083,-6.929866790771484,0.3529975094060558,0,-12.0,42,10,48,18.37
Minnesota Timberwolves,7.2458797,0.665433406829834,0.5144481723351134,0,-6.5,42,10,48,18.37
New Orleans Pelicans,-4.316463,-5.415839195251465,0.38406516536934016,1,7.5,42,10,48,18.37
Oklahoma City Thunder,-0.30745125,-5.9529571533203125,0.37294615018330024,1,14.0,42,10,48,18.37
Philadelphia 76ers,-3.1988351,-1.7389588356018066,0.4622910585309522,0,-1.0,42,10,48,18.37
Phoenix Suns,4.1717854,-3.023763656616211,0.43462774040750296,1,2.5,42,10,48,18.37
Portland Trail Blazers,-10.793708,-19.40477752685547,0.14540747518328995,0,-27.0,42,10,48,18.37
Sacramento Kings,3.5539887,-1.609419584274292,0.4650926198633707,0,-13.0,42,10,48,18.37
San Antonio Spurs,-6.1365585,-9.42599868774414,0.3039330089952571,0,-18.0,42,10,48,18.37
Toronto Raptors,3.7665038,7.117055892944336,0.6507811660582976,1,25.0,42,10,48,18.37
Atlanta Hawks,0.4932188,-4.957343578338623,0.4198207983502686,0,-4.0,43,10,48,24.499
Boston Celtics,-5.798634,-12.008001327514648,0.3120138494730697,1,25.5,43,10,48,24.499
Brooklyn Nets,3.4160993,6.8940749168396,0.6108007402507235,0,-45.5,43,10,48,24.499
Charlotte Hornets,-1.5569494,2.2373900413513184,0.5363836898075951,1,26.0,43,10,48,24.499
Chicago Bulls,-1.5569494,-2.05016827583313,0.4666534231346772,0,-22.0,43,10,48,24.499
Cleveland Cavaliers,0.7755686,7.428824424743652,0.6191443775849373,1,10.5,43,10,48,24.499
Dallas Mavericks,0.2538828,1.810832142829895,0.5294612586059473,0,-4.0,43,10,48,24.499
Denver Nuggets,-8.102675,-12.27899169921875,0.3081111271734382,1,18.0,43,10,48,24.499
Golden State Warriors,6.209367,12.008001327514648,0.6879861505269302,0,-34.0,43,10,48,24.499
Houston Rockets,4.9047604,4.129191875457764,0.5669238792445568,1,4.0,43,10,48,24.499
Los Angeles Clippers,-3.4779756,-1.9210262298583984,0.46874950936179605,0,-26.5,43,10,48,24.499
Los Angeles Lakers,-0.30606607,3.1719095706939697,0.5515082990715484,0,-19.0,43,10,48,24.499
Memphis Grizzlies,7.9139657,9.207990646362305,0.6464885822967746,1,25.5,43,10,48,24.499
Miami Heat,4.1763167,5.470341205596924,0.5883457947969299,1,26.0,43,10,48,24.499
Milwaukee Bucks,-2.461772,-13.278674125671387,0.29390332871333713,1,9.0,43,10,48,24.499
Minnesota Timberwolves,-6.653256,-15.254888534545898,0.2667462469654316,1,11.0,43,10,48,24.499
New Orleans Pelicans,-3.7943394,-4.048222064971924,0.4343764188216547,1,2.0,43,10,48,24.499
New York Knicks,8.601633,15.254888534545898,0.7332537530345684,0,-23.0,43,10,48,24.499
Oklahoma City Thunder,10.763025,-0.05387687683105469,0.49912265484312174,1,5.5,43,10,48,24.499
Orlando Magic,-3.9444735,1.8541605472564697,0.5301648590649188,0,-21.0,43,10,48,24.499
Philadelphia 76ers,-2.2236316,0.23814034461975098,0.5038778817269901,0,-8.0,43,10,48,24.499
Sacramento Kings,-4.170062,-9.074822425842285,0.3555341315855523,1,2.0,43,10,48,24.499
San Antonio Spurs,-1.2940245,-2.3477115631103516,0.4618276545143525,1,32.5,43,10,48,24.499
Toronto Raptors,-1.3446181,1.1171538829803467,0.5181857378929198,0,-3.5,43,10,48,24.499
Utah Jazz,10.816902,14.611241340637207,0.7245495725871409,1,1.0,43,10,48,24.499
Boston Celtics,-10.106733,-14.960444450378418,0.25172153897834904,0,-10.5,44,3,48,22.36
Brooklyn Nets,-6.9186034,2.2389025688171387,0.539879982952214,1,10.0,44,3,48,22.36
Charlotte Hornets,5.720946,14.87845230102539,0.7471075101226862,0,-0.5,44,3,48,22.36
Chicago Bulls,-4.082154,-9.803099632263184,0.33053799716568993,0,-6.5,44,3,48,22.36
Cleveland Cavaliers,1.6749816,8.854228019714355,0.6539442779096732,1,20.5,44,3,48,22.36
Dallas Mavericks,12.096911,9.437284469604492,0.6635121537838359,1,6.5,44,3,48,22.36
Denver Nuggets,-3.142327,-6.504273414611816,0.3855664586701992,1,10.5,44,3,48,22.36
Detroit Pistons,-7.3807406,-6.219760417938232,0.3904413465569761,1,13.0,44,3,48,22.36
Golden State Warriors,-18.17282,-28.768566131591797,0.09911190511873869,0,-19.5,44,3,48,22.36
Indiana Pacers,1.1632475,8.440926551818848,0.6471015870633011,1,5.5,44,3,48,22.36
Los Angeles Lakers,-9.157506,-2.5925650596618652,0.45384673428922323,1,12.0,44,3,48,22.36
Memphis Grizzlies,5.864382,3.20475435256958,0.5569842525441967,0,-0.5,44,3,48,22.36
Miami Heat,7.210459,14.185420036315918,0.737096753113634,0,-6.5,44,3,48,22.36
Milwaukee Bucks,-11.665536,-4.690575122833252,0.4169202646844079,0,-24.0,44,3,48,22.36
Minnesota Timberwolves,2.6596274,0.9846458435058594,0.5175624344080397,0,-1.5,44,3,48,22.36
New Orleans Pelicans,-12.318979,-17.320796966552734,0.21927467958115,1,2.0,44,3,48,22.36
New York Knicks,-3.7869055,-13.643280982971191,0.27087324238490007,1,4.5,44,3,48,22.36
Oklahoma City Thunder,3.999655,-8.097256660461426,0.3586248427826908,0,-13.5,44,3,48,22.36
Orlando Magic,3.3619466,6.504273414611816,0.6144335413298008,1,1.5,44,3,48,22.36
Philadelphia 76ers,-7.2776794,-4.13535213470459,0.42663527782007216,0,-27.5,44,3,48,22.36
Phoenix Suns,-7.1792464,-0.26064300537109375,0.4953496970036694,1,22.0,44,3,48,22.36
San Antonio Spurs,0.36618915,-0.7970583438873291,0.48578184796063106,0,-35.5,44,3,48,22.36
Toronto Raptors,-0.95483184,-4.316778182983398,0.4234555755718378,1,27.0,44,3,48,22.36
Utah Jazz,5.0018167,1.0021617412567139,0.5178746458236332,1,2.0,44,3,48,22.36
Washington Wizards,-6.564941,-11.418651580810547,0.30478719596734677,0,-3.5,44,3,48,22.36
Brooklyn Nets,-1.29506,3.8314733505249023,0.5656328162761094,0,-8.5,45,5,48,23.184
Charlotte Hornets,6.4941363,7.789196491241455,0.6315563781981057,0,-16.0,45,5,48,23.184
Chicago Bulls,-3.265638,-1.479919672012329,0.47455093174899654,0,-17.5,45,5,48,23.184
Cleveland Cavaliers,-2.7824872,4.426761627197266,0.5757150366853875,0,-9.5,45,5,48,23.184
Dallas Mavericks,-6.8953,-1.7687664031982422,0.4695926945528018,1,1.0,45,5,48,23.184
Detroit Pistons,-0.49769476,-11.394329071044922,0.311542915256669,1,17.5,45,5,48,23.184
Houston Rockets,-7.209249,-6.931748390197754,0.38247261042891706,0,-5.5,45,5,48,23.184
Los Angeles Clippers,2.7122755,6.659115791320801,0.6130332370630932,1,13.0,45,5,48,23.184
Los Angeles Lakers,6.93271,7.210210800170898,0.6221013547965889,1,25.0,45,5,48,23.184
Milwaukee Bucks,-2.7676957,-6.965315818786621,0.3819203546969479,0,-38.0,45,5,48,23.184
Oklahoma City Thunder,-5.1265335,-3.3408150672912598,0.44270983521401763,0,-7.5,45,5,48,23.184
Philadelphia 76ers,-0.6081239,2.174363136291504,0.5373615050203117,1,15.0,45,5,48,23.184
Phoenix Suns,10.458799,14.4056396484375,0.7328222787692114,1,18.5,45,5,48,23.184
Portland Trail Blazers,-1.7857184,-1.2880237102508545,0.477847175971819,1,28.5,45,5,48,23.184
Sacramento Kings,0.71651506,-4.724315643310547,0.41926346404164416,0,-10.5,45,5,48,23.184
Washington Wizards,-3.9468403,-14.4056396484375,0.2671777212307887,1,6.5,45,5,48,23.184
Chicago Bulls,2.3534403,-6.353362083435059,0.3921972877990149,1,19.0,46,10,48,23.222
Los Angeles Clippers,8.706802,3.3808345794677734,0.5578774173939681,1,4.0,46,10,48,23.222
Los Angeles Lakers,-10.706441,-22.53252601623535,0.1659423170428389,0,-4.5,46,10,48,23.222
New Orleans Pelicans,-10.7423115,-26.625011444091797,0.12578161966495804,0,-23.5,46,10,48,23.222
Utah Jazz,-0.12888992,-5.45485782623291,0.4071415677281679,0,-4.5,46,10,48,23.222
Washington Wizards,-0.4658577,-1.385394811630249,0.47621334947938115,0,-7.5,46,10,48,23.222
Atlanta Hawks,-8.941635,-13.066781997680664,0.2753438125874297,0,-8.0,47,15,48,21.897
Boston Celtics,-6.611321,-10.736467361450195,0.3119573072120677,0,-13.5,47,15,48,21.897
Brooklyn Nets,1.2691065,6.865620136260986,0.6230637075024459,0,-11.5,47,15,48,21.897
Charlotte Hornets,-1.5888499,7.69074821472168,0.6372879276899572,1,9.0,47,15,48,21.897
Cleveland Cavaliers,4.369836,0.2446894645690918,0.5044578511456637,0,-6.0,47,15,48,21.897
Dallas Mavericks,2.1421266,5.189931869506836,0.5936763836406006,1,26.5,47,15,48,21.897
Denver Nuggets,-9.279598,-4.703167915344238,0.41496828376222117,0,-36.5,47,15,48,21.897
Detroit Pistons,7.04058,2.670743942260742,0.5485373315674104,0,-15.0,47,15,48,21.897
Golden State Warriors,5.862699,8.29826545715332,0.6476422581928633,1,18.0,47,15,48,21.897
Houston Rockets,4.1251464,4.479518890380859,0.5810457111022609,1,1.0,47,15,48,21.897
Indiana Pacers,3.6670043,-3.373575448989868,0.4387798432284077,1,11.0,47,15,48,21.897
Los Angeles Clippers,3.5604813,9.156994819641113,0.6620918803712542,1,9.5,47,15,48,21.897
Memphis Grizzlies,-0.35437262,2.081193447113037,0.5378598009279634,1,10.0,47,15,48,21.897
Minnesota Timberwolves,-4.5764303,4.703167915344238,0.5850317162377788,1,24.5,47,15,48,21.897
Oklahoma City Thunder,-0.2428612,6.733348846435547,0.6207673112878148,1,17.5,47,15,48,21.897
Phoenix Suns,-5.5965137,-1.0200834274291992,0.48142204254117404,0,-20.5,47,15,48,21.897
Sacramento Kings,-6.97621,-6.383876323699951,0.3853203126702942,0,-15.5,47,15,48,21.897
San Antonio Spurs,1.0297176,-7.946817398071289,0.35833494613475503,1,1.0,47,15,48,21.897
Utah Jazz,-2.435566,-8.29826545715332,0.35235774180713675,1,5.5,47,15,48,21.897
Boston Celtics,-4.0767813,-8.776577949523926,0.3464560283734713,1,14.5,48,15,32,22.224
Charlotte Hornets,-3.8026001,-7.568305015563965,0.3667251538250101,0,-14.5,48,15,32,22.224
Cleveland Cavaliers,-5.4300046,-0.6826353073120117,0.487748215422346,1,8.5,48,15,32,22.224
Dallas Mavericks,8.505893,9.161008834838867,0.6599050206232131,1,8.5,48,15,32,22.224
Denver Nuggets,-2.2935164,-6.993312835693359,0.37650709171565366,0,-10.0,48,15,32,22.224
Golden State Warriors,-0.2143336,-7.378548622131348,0.36994414370819023,1,9.0,48,15,32,22.224
Indiana Pacers,-2.2822516,5.1781511306762695,0.5921167192187665,1,3.0,48,15,32,22.224
Los Angeles Clippers,-0.6239716,4.544179439544678,0.5810059082518033,1,9.0,48,15,32,22.224
Los Angeles Lakers,8.300073,8.52446174621582,0.649348515822505,0,-16.0,48,15,32,22.224
Memphis Grizzlies,-9.162289,-14.72850227355957,0.25375625294838733,0,-48.0,48,15,32,22.224
Miami Heat,-6.9970446,-1.567039966583252,0.47189398823062045,0,-29.0,48,15,32,22.224
Milwaukee Bucks,-1.9155527,1.8870474100112915,0.5338329691448785,1,13.0,48,15,32,22.224
Minnesota Timberwolves,1.6674308,9.127833366394043,0.6593578365173653,1,10.0,48,15,32,22.224
New Orleans Pelicans,-0.6551163,-8.160937309265137,0.3567329670230112,1,2.0,48,15,32,22.224
Philadelphia 76ers,-0.22438923,0.005131915211677551,0.5000921209393515,1,23.5,48,15,32,22.224
Phoenix Suns,-15.191192,-14.976858139038086,0.25019036478649664,1,11.0,48,15,32,22.224
Portland Trail Blazers,-2.3074157,-0.39186298847198486,0.4929661899976383,1,17.5,48,15,32,22.224
San Antonio Spurs,-5.168151,3.994137763977051,0.5713130657999086,0,-17.0,48,15,32,22.224
Washington Wizards,3.7657049,-4.534367561340332,0.41916658509940685,0,-24.0,48,15,32,22.224
Atlanta Hawks,-2.4452693,-10.517905235290527,0.3247930114740538,1,5.5,49,10,32,23.15
Boston Celtics,6.648011,9.926748275756836,0.6659661273934904,0,-4.5,49,10,32,23.15
Brooklyn Nets,1.7958275,3.5376081466674805,0.5607269370478783,0,-2.0,49,10,32,23.15
Charlotte Hornets,6.7560453,8.169593811035156,0.6379176889696347,0,-5.0,49,10,32,23.15
Chicago Bulls,5.7831125,8.516809463500977,0.6435249469494542,1,17.5,49,10,32,23.15
Cleveland Cavaliers,-2.2860668,-0.8156263828277588,0.48594727021463185,1,9.0,49,10,32,23.15
Dallas Mavericks,3.8925846,2.9100842475891113,0.5500175319237741,0,-27.5,49,10,32,23.15
Denver Nuggets,-2.7336967,-1.9707825183868408,0.4660786092291893,0,-19.5,49,10,32,23.15
Detroit Pistons,0.9825003,-2.9100842475891113,0.4499824680762259,1,26.0,49,10,32,23.15
Houston Rockets,12.193028,12.955942153930664,0.7121416499204257,1,0.5,49,10,32,23.15
Los Angeles Clippers,3.725871,-3.0301742553710938,0.44792992980506435,1,6.5,49,10,32,23.15
Los Angeles Lakers,7.2941914,9.060952186584473,0.6522499442976615,1,33.0,49,10,32,23.15
Memphis Grizzlies,-0.047811843,-12.240839958190918,0.298485200822886,1,4.0,49,10,32,23.15
Miami Heat,-1.4704404,-2.2033205032348633,0.46208756565274944,1,3.0,49,10,32,23.15
Milwaukee Bucks,-1.4135487,1.0317206382751465,0.517773691720473,0,-14.5,49,10,32,23.15
Minnesota Timberwolves,-0.60287154,-0.7552577257156372,0.48698700050892507,0,-2.5,49,10,32,23.15
New Orleans Pelicans,-3.2787368,-7.171321392059326,0.3783654823688858,0,-3.0,49,10,32,23.15
New York Knicks,-0.7629142,-8.057106018066406,0.3639053352686996,0,-19.0,49,10,32,23.15
Orlando Magic,0.11023809,-7.184218406677246,0.3781536593253832,0,-30.0,49,10,32,23.15
Phoenix Suns,0.15238617,-7.142070293426514,0.37884604342473954,0,-17.5,49,10,32,23.15
Sacramento Kings,-1.7417806,-3.5376081466674805,0.43927306295212165,0,-25.0,49,10,32,23.15
Toronto Raptors,10.769349,4.986236572265625,0.5852677000144414,0,-14.0,49,10,32,23.15
Utah Jazz,0.47197062,0.361732542514801,0.5062334600464814,1,23.5,49,10,32,23.15
Washington Wizards,-1.7667608,-1.1638892889022827,0.47995121702494603,1,14.5,49,10,32,23.15
Atlanta Hawks,-4.631716,-7.7082366943359375,0.36698531710787013,1,11.5,50,5,48,22.681
Boston Celtics,-7.5090814,-11.325852394104004,0.30876798253261695,0,-5.5,50,5,48,22.681
Brooklyn Nets,-7.780178,-4.179653167724609,0.4268981770372036,1,23.0,50,5,48,22.681
Charlotte Hornets,-3.6005251,-9.021081924438477,0.34541441786448657,0,-1.0,50,5,48,22.681
Chicago Bulls,-2.720548,4.7885332107543945,0.5836038316729946,0,-8.5,50,5,48,22.681
Cleveland Cavaliers,0.47757685,5.109292507171631,0.5891129006906194,1,12.5,50,5,48,22.681
Dallas Mavericks,-7.3824806,-7.860057353973389,0.36446767343788244,0,-44.0,50,5,48,22.681
Denver Nuggets,1.2438482,-2.572923183441162,0.45484180702105304,1,5.5,50,5,48,22.681
Detroit Pistons,3.0765212,5.797069072723389,0.6008651232133205,1,14.0,50,5,48,22.681
Golden State Warriors,12.918508,10.982248306274414,0.6858767529386895,1,14.5,50,5,48,22.681
Houston Rockets,-3.7277913,4.05238676071167,0.5708998978647073,0,-0.5,50,5,48,22.681
Indiana Pacers,-0.36333716,-17.016733169555664,0.226551825947706,0,-29.0,50,5,48,22.681
Los Angeles Clippers,4.699012,8.69771957397461,0.6493157530377718,0,-10.5,50,5,48,22.681
Memphis Grizzlies,0.23279998,-17.1596736907959,0.2246588743414193,1,11.5,50,5,48,22.681
Miami Heat,8.711518,11.432065963745117,0.6928792932578921,0,-2.5,50,5,48,22.681
Minnesota Timberwolves,1.3678219,-8.784476280212402,0.3492675012206412,1,26.0,50,5,48,22.681
New Orleans Pelicans,-3.9525628,3.5565185546875,0.5623000888302288,0,-1.0,50,5,48,22.681
New York Knicks,1.7295359,5.457327365875244,0.5950705763500663,1,3.5,50,5,48,22.681
Oklahoma City Thunder,2.422803,6.421511173248291,0.6114568218076832,1,2.5,50,5,48,22.681
Phoenix Suns,-0.23844644,-16.891843795776367,0.22821307204368735,0,-3.0,50,5,48,22.681
Sacramento Kings,-13.352027,-15.774829864501953,0.24337208723525555,0,-42.0,50,5,48,22.681
San Antonio Spurs,5.4205565,9.021081924438477,0.6545855821355134,1,2.5,50,5,48,22.681
Toronto Raptors,-3.9987082,-8.69771957397461,0.35068424696222816,1,1.5,50,5,48,22.681
Washington Wizards,-7.5665674,-3.9660422801971436,0.43059526995910025,1,15.5,50,5,48,22.681
